onset,offset,onpitch,offpitch,essential,bar,upmeter,lowmeter,offmeter,notetype,alignidx,file1idx,file2idx
2.03928,2.43958,72.01000,72.01000,1.00000,1.00000,1.00000,3.00000,0.00000,0.00000,0.00000,4.00000,0.00000
2.05716,2.87347,64.97000,64.97000,1.00000,1.00000,1.00000,3.00000,NaN,0.00000,0.00000,5.00000,0.00000
2.87867,3.07252,72.01000,72.01000,1.00000,1.00000,4.00000,12.00000,0.00000,0.00000,0.00000,10.00000,0.00000
2.88399,3.08035,68.84000,68.84000,1.00000,1.00000,4.00000,12.00000,NaN,0.00000,0.00000,11.00000,0.00000
3.07252,3.30261,71.96000,71.96000,1.00000,1.00000,2.00000,3.00000,0.00000,0.00000,0.00000,12.00000,0.00000
3.08035,3.19274,68.82000,68.82000,1.00000,1.00000,2.00000,3.00000,NaN,0.00000,0.00000,13.00000,0.00000
3.25333,3.58168,64.91000,64.91000,1.00000,1.00000,4.00000,6.00000,NaN,0.00000,0.00000,14.00000,0.00000
3.30261,3.56475,71.99000,71.99000,1.00000,1.00000,4.00000,6.00000,1.00000,0.00000,0.00000,15.00000,0.00000
3.56475,4.11574,72.05000,72.05000,1.00000,1.00000,3.00000,3.00000,NaN,0.00000,0.00000,16.00000,0.00000
3.57092,4.09832,80.90000,80.90000,1.00000,1.00000,3.00000,3.00000,NaN,0.00000,0.00000,17.00000,0.00000
4.10975,4.24925,76.06000,76.06000,1.00000,2.00000,1.00000,3.00000,0.00000,0.00000,0.00000,18.00000,0.00000
4.12037,4.56853,65.00000,65.00000,1.00000,2.00000,1.00000,3.00000,NaN,0.00000,0.00000,19.00000,0.00000
4.23508,4.57433,77.26500,77.26500,1.00000,2.00000,1.00000,3.00000,1.00000,0.00000,0.00000,20.00000,0.00000
4.57304,4.70946,72.03000,72.03000,1.00000,2.00000,4.00000,12.00000,0.00000,0.00000,0.00000,21.00000,0.00000
4.57454,4.71946,81.01000,81.01000,1.00000,2.00000,4.00000,12.00000,0.00000,0.00000,0.00000,22.00000,0.00000
4.70919,4.96710,79.07500,79.07500,1.00000,2.00000,2.00000,3.00000,NaN,0.00000,0.00000,23.00000,0.00000
4.70946,4.99229,72.00000,72.00000,1.00000,2.00000,2.00000,3.00000,0.00000,0.00000,0.00000,24.00000,0.00000
4.96710,5.32519,78.95000,78.95000,1.00000,2.00000,8.00000,12.00000,-1.00000,0.00000,0.00000,25.00000,0.00000
5.00284,5.06776,75.88000,75.88000,1.00000,2.00000,8.00000,12.00000,0.00000,0.00000,0.00000,26.00000,0.00000
5.13069,5.31737,75.89000,75.89000,1.00000,2.00000,3.00000,3.00000,NaN,0.00000,0.00000,27.00000,0.00000
5.32519,5.52054,78.97000,78.97000,1.00000,2.00000,6.00000,6.00000,0.00000,0.00000,0.00000,28.00000,0.00000
5.33069,5.52635,74.07000,74.07000,1.00000,2.00000,6.00000,6.00000,NaN,0.00000,0.00000,29.00000,0.00000
5.52685,5.71211,72.05000,72.05000,1.00000,3.00000,1.00000,3.00000,NaN,0.00000,0.00000,30.00000,0.00000
5.68295,5.76064,67.08000,67.08000,1.00000,3.00000,2.00000,6.00000,NaN,0.00000,0.00000,31.00000,0.00000
5.76842,6.03138,76.03500,76.03500,1.00000,3.00000,4.00000,12.00000,NaN,0.00000,0.00000,33.00000,0.00000
6.00605,6.39209,64.95000,64.95000,1.00000,3.00000,2.00000,3.00000,NaN,0.00000,0.00000,34.00000,0.00000
6.06548,6.11846,76.00000,76.00000,1.00000,3.00000,2.00000,3.00000,1.00000,0.00000,0.00000,35.00000,0.00000
6.39209,6.52240,64.99000,64.99000,1.00000,3.00000,3.00000,3.00000,-1.00000,0.00000,0.00000,36.00000,0.00000
6.39843,6.78023,77.01000,77.01000,1.00000,3.00000,3.00000,3.00000,-1.00000,0.00000,0.00000,37.00000,0.00000
6.45585,6.52481,66.73000,66.73000,1.00000,3.00000,3.00000,3.00000,0.00000,0.00000,0.00000,38.00000,0.00000
6.45858,6.53061,65.79000,65.79000,1.00000,3.00000,3.00000,3.00000,NaN,0.00000,0.00000,39.00000,0.00000
6.52240,6.84408,64.93500,64.93500,1.00000,3.00000,3.00000,3.00000,1.00000,0.00000,0.00000,40.00000,0.00000
6.82577,7.15935,72.06000,72.06000,1.00000,4.00000,1.00000,3.00000,NaN,0.00000,0.00000,41.00000,0.00000
6.84475,7.17497,65.00000,65.00000,1.00000,4.00000,1.00000,3.00000,0.00000,0.00000,0.00000,42.00000,0.00000
7.15935,7.28231,72.06000,72.06000,1.00000,4.00000,4.00000,12.00000,0.00000,0.00000,0.00000,43.00000,0.00000
7.16335,7.29166,68.87000,68.87000,1.00000,4.00000,4.00000,12.00000,0.00000,0.00000,0.00000,44.00000,0.00000
7.28231,7.71392,71.99000,71.99000,1.00000,4.00000,2.00000,3.00000,0.00000,0.00000,0.00000,45.00000,0.00000
7.29166,7.41297,68.88000,68.88000,1.00000,4.00000,2.00000,3.00000,NaN,0.00000,0.00000,46.00000,0.00000
7.43358,7.72063,64.96000,64.96000,1.00000,4.00000,4.00000,6.00000,0.00000,0.00000,0.00000,47.00000,0.00000
7.71392,8.20825,72.06000,72.06000,1.00000,4.00000,3.00000,3.00000,0.00000,0.00000,0.00000,48.00000,0.00000
7.71525,7.76707,82.06500,82.06500,1.00000,4.00000,3.00000,3.00000,NaN,0.00000,0.00000,49.00000,0.00000
7.75714,7.81351,81.01000,81.01000,1.00000,4.00000,3.00000,3.00000,1.00000,0.00000,0.00000,50.00000,0.00000
7.80068,7.85995,82.68000,82.68000,1.00000,4.00000,3.00000,3.00000,2.00000,0.00000,0.00000,51.00000,0.00000
7.84127,7.92381,81.01000,81.01000,1.00000,4.00000,3.00000,3.00000,3.00000,0.00000,0.00000,52.00000,0.00000
8.19921,8.32435,75.94000,75.94000,1.00000,5.00000,1.00000,3.00000,NaN,0.00000,0.00000,54.00000,0.00000
8.21236,8.57977,64.97000,64.97000,1.00000,5.00000,1.00000,3.00000,0.00000,0.00000,0.00000,55.00000,0.00000
8.56601,8.71909,80.97000,80.97000,1.00000,5.00000,4.00000,12.00000,0.00000,0.00000,0.00000,56.00000,0.00000
8.56987,8.71531,72.04000,72.04000,1.00000,5.00000,4.00000,12.00000,0.00000,0.00000,0.00000,57.00000,0.00000
8.71531,8.99193,72.03000,72.03000,1.00000,5.00000,2.00000,3.00000,0.00000,0.00000,0.00000,58.00000,0.00000
8.72050,8.96492,79.07000,79.07000,1.00000,5.00000,2.00000,3.00000,NaN,0.00000,0.00000,59.00000,0.00000
8.96492,9.30540,78.96000,78.96000,1.00000,5.00000,8.00000,12.00000,-1.00000,0.00000,0.00000,60.00000,0.00000
9.00559,9.05578,75.84000,75.84000,1.00000,5.00000,8.00000,12.00000,0.00000,0.00000,0.00000,61.00000,0.00000
9.12432,9.29379,75.91000,75.91000,1.00000,5.00000,3.00000,3.00000,NaN,0.00000,0.00000,62.00000,0.00000
9.30969,9.46213,74.00000,74.00000,1.00000,5.00000,6.00000,6.00000,0.00000,0.00000,0.00000,63.00000,0.00000
9.47297,9.64789,72.06000,72.06000,1.00000,6.00000,1.00000,3.00000,NaN,0.00000,0.00000,64.00000,0.00000
9.64346,9.71766,67.03000,67.03000,1.00000,6.00000,2.00000,6.00000,0.00000,0.00000,0.00000,65.00000,0.00000
9.64625,9.69406,74.11266,74.11266,1.00000,6.00000,2.00000,6.00000,0.00000,0.00000,0.00000,66.00000,0.00000
9.70973,9.90619,76.02000,76.02000,1.00000,6.00000,2.00000,6.00000,1.00000,0.00000,0.00000,67.00000,0.00000
9.71766,9.92653,67.04000,67.04000,1.00000,6.00000,2.00000,6.00000,1.00000,0.00000,0.00000,68.00000,0.00000
9.90619,9.97297,76.04000,76.04000,1.00000,6.00000,2.00000,3.00000,-1.00000,0.00000,0.00000,69.00000,0.00000
9.92967,10.30966,64.94000,64.94000,1.00000,6.00000,2.00000,3.00000,NaN,0.00000,0.00000,70.00000,0.00000
10.28632,10.46059,66.85000,66.85000,1.00000,6.00000,3.00000,3.00000,NaN,0.00000,0.00000,73.00000,0.00000
10.73912,11.04639,72.06500,72.06500,1.00000,7.00000,1.00000,3.00000,NaN,0.00000,0.00000,75.00000,0.00000
10.75555,11.05270,65.00000,65.00000,1.00000,7.00000,1.00000,3.00000,0.00000,0.00000,0.00000,76.00000,0.00000
11.04639,11.57515,72.01000,72.01000,1.00000,7.00000,4.00000,12.00000,0.00000,0.00000,0.00000,77.00000,0.00000
11.05772,11.18075,68.85500,68.85500,1.00000,7.00000,4.00000,12.00000,0.00000,0.00000,0.00000,78.00000,0.00000
11.18075,11.32553,68.86000,68.86000,1.00000,7.00000,2.00000,3.00000,NaN,0.00000,0.00000,79.00000,0.00000
11.32973,11.62159,64.96000,64.96000,1.00000,7.00000,4.00000,6.00000,0.00000,0.00000,0.00000,80.00000,0.00000
11.61020,12.13823,72.01000,72.01000,1.00000,7.00000,3.00000,3.00000,0.00000,0.00000,0.00000,81.00000,0.00000
11.61568,11.67383,82.66000,82.66000,1.00000,7.00000,3.00000,3.00000,NaN,0.00000,0.00000,82.00000,0.00000
11.67122,11.72027,81.26000,81.26000,1.00000,7.00000,3.00000,3.00000,1.00000,0.00000,0.00000,83.00000,0.00000
11.70620,11.76091,82.79000,82.79000,1.00000,7.00000,3.00000,3.00000,2.00000,0.00000,0.00000,84.00000,0.00000
11.75617,12.06277,80.91000,80.91000,1.00000,7.00000,3.00000,3.00000,3.00000,0.00000,0.00000,85.00000,0.00000
12.06708,12.20789,75.93000,75.93000,1.00000,8.00000,1.00000,3.00000,NaN,0.00000,0.00000,86.00000,0.00000
12.06928,12.44590,64.99000,64.99000,1.00000,8.00000,1.00000,3.00000,0.00000,0.00000,0.00000,87.00000,0.00000
12.42021,12.69551,81.00000,81.00000,1.00000,8.00000,2.00000,3.00000,NaN,0.00000,0.00000,88.00000,0.00000
12.42066,12.81030,72.06000,72.06000,1.00000,8.00000,2.00000,3.00000,0.00000,0.00000,0.00000,89.00000,0.00000
12.65085,12.82902,86.11000,86.11000,1.00000,8.00000,5.00000,9.00000,0.00000,0.00000,0.00000,90.00000,0.00000
12.79237,12.96254,83.01000,83.01000,1.00000,8.00000,6.00000,9.00000,0.00000,0.00000,0.00000,91.00000,0.00000
12.81030,13.27020,71.97000,71.97000,1.00000,8.00000,6.00000,9.00000,0.00000,0.00000,0.00000,92.00000,0.00000
12.95912,13.15410,78.98000,78.98000,1.00000,8.00000,3.00000,3.00000,NaN,0.00000,0.00000,93.00000,0.00000
13.14149,13.23100,84.10404,84.10404,1.00000,8.00000,8.00000,9.00000,0.00000,0.00000,0.00000,94.00000,0.00000
13.24140,13.42113,80.90000,80.90000,1.00000,8.00000,9.00000,9.00000,0.00000,0.00000,0.00000,95.00000,0.00000
13.43304,13.58948,76.89000,76.89000,1.00000,9.00000,1.00000,3.00000,NaN,0.00000,0.00000,96.00000,0.00000
13.59451,13.71138,75.90000,75.90000,1.00000,9.00000,2.00000,9.00000,0.00000,0.00000,0.00000,97.00000,0.00000
13.70875,13.91456,80.90000,80.90000,1.00000,9.00000,3.00000,9.00000,0.00000,0.00000,0.00000,98.00000,0.00000
13.70946,13.85070,73.89000,73.89000,1.00000,9.00000,3.00000,9.00000,0.00000,0.00000,0.00000,99.00000,0.00000
13.86176,14.01905,72.06500,72.06500,1.00000,9.00000,2.00000,3.00000,NaN,0.00000,0.00000,100.00000,0.00000
14.01134,14.09451,73.92000,73.92000,1.00000,9.00000,5.00000,9.00000,0.00000,0.00000,0.00000,101.00000,0.00000
14.09286,14.25705,75.98000,75.98000,1.00000,9.00000,6.00000,9.00000,0.00000,0.00000,0.00000,102.00000,0.00000
14.24911,14.39057,76.92000,76.92000,1.00000,9.00000,3.00000,3.00000,NaN,0.00000,0.00000,103.00000,0.00000
14.38536,14.48925,78.97000,78.97000,1.00000,9.00000,8.00000,9.00000,0.00000,0.00000,0.00000,104.00000,0.00000
14.40160,14.48199,71.98000,71.98000,1.00000,9.00000,8.00000,9.00000,0.00000,0.00000,0.00000,105.00000,0.00000
14.47866,14.68662,80.96000,80.96000,1.00000,9.00000,9.00000,9.00000,0.00000,0.00000,0.00000,106.00000,0.00000
14.48199,14.68082,72.09000,72.09000,1.00000,9.00000,9.00000,9.00000,0.00000,0.00000,0.00000,107.00000,0.00000
14.69262,14.87238,76.85000,76.85000,1.00000,10.00000,1.00000,3.00000,NaN,0.00000,0.00000,108.00000,0.00000
14.86510,15.09830,72.06000,72.06000,1.00000,10.00000,2.00000,6.00000,0.00000,0.00000,0.00000,109.00000,0.00000
15.09830,15.50691,72.04000,72.04000,1.00000,10.00000,2.00000,3.00000,NaN,0.00000,0.00000,110.00000,0.00000
15.10692,15.17424,82.61000,82.61000,1.00000,10.00000,2.00000,3.00000,0.00000,0.00000,0.00000,111.00000,0.00000
15.14099,15.22068,81.04000,81.04000,1.00000,10.00000,2.00000,3.00000,1.00000,0.00000,0.00000,112.00000,0.00000
15.19922,15.24971,82.45000,82.45000,1.00000,10.00000,2.00000,3.00000,2.00000,0.00000,0.00000,113.00000,0.00000
15.26641,15.51093,80.98000,80.98000,1.00000,10.00000,2.00000,3.00000,3.00000,0.00000,0.00000,114.00000,0.00000
15.50607,15.77215,79.03000,79.03000,1.00000,10.00000,3.00000,3.00000,NaN,0.00000,0.00000,115.00000,0.00000
15.50691,15.74313,72.07000,72.07000,1.00000,10.00000,3.00000,3.00000,0.00000,0.00000,0.00000,116.00000,0.00000
15.77358,16.01016,64.96000,64.96000,1.00000,10.00000,6.00000,6.00000,0.00000,0.00000,0.00000,117.00000,0.00000
15.99905,16.15528,75.96000,75.96000,1.00000,11.00000,1.00000,3.00000,NaN,0.00000,0.00000,118.00000,0.00000
16.00748,16.22806,66.99000,66.99000,1.00000,11.00000,1.00000,3.00000,0.00000,0.00000,0.00000,119.00000,0.00000
16.14981,16.23075,74.21000,74.21000,1.00000,11.00000,2.00000,6.00000,-1.00000,0.00000,0.00000,120.00000,0.00000
16.22806,16.44553,67.06000,67.06000,1.00000,11.00000,2.00000,6.00000,0.00000,0.00000,0.00000,121.00000,0.00000
16.23282,16.50934,75.97000,75.97000,1.00000,11.00000,2.00000,6.00000,0.00000,0.00000,0.00000,122.00000,0.00000
16.45214,16.52100,76.83000,76.83000,1.00000,11.00000,2.00000,3.00000,NaN,0.00000,0.00000,123.00000,0.00000
16.45344,16.82716,64.98000,64.98000,1.00000,11.00000,2.00000,3.00000,0.00000,0.00000,0.00000,124.00000,0.00000
16.82716,17.08989,64.94000,64.94000,1.00000,11.00000,3.00000,3.00000,NaN,0.00000,0.00000,126.00000,0.00000
17.09377,17.38594,80.94000,80.94000,1.00000,11.00000,6.00000,6.00000,0.00000,0.00000,0.00000,127.00000,0.00000
17.10453,17.37433,76.88000,76.88000,1.00000,11.00000,6.00000,6.00000,0.00000,0.00000,0.00000,128.00000,0.00000
17.38651,17.61646,72.02000,72.02000,1.00000,12.00000,1.00000,3.00000,NaN,0.00000,0.00000,129.00000,0.00000
17.38672,17.62975,79.07000,79.07000,1.00000,12.00000,1.00000,3.00000,0.00000,0.00000,0.00000,130.00000,0.00000
17.61646,17.78629,72.05000,72.05000,1.00000,12.00000,2.00000,6.00000,0.00000,0.00000,0.00000,131.00000,0.00000
17.63407,17.79076,68.90000,68.90000,1.00000,12.00000,2.00000,6.00000,0.00000,0.00000,0.00000,132.00000,0.00000
17.78629,18.18997,72.05000,72.05000,1.00000,12.00000,2.00000,3.00000,0.00000,0.00000,0.00000,133.00000,0.00000
17.79076,17.91420,68.84000,68.84000,1.00000,12.00000,2.00000,3.00000,NaN,0.00000,0.00000,134.00000,0.00000
17.91558,18.18703,64.94000,64.94000,1.00000,12.00000,4.00000,6.00000,0.00000,0.00000,0.00000,135.00000,0.00000
18.17986,18.26679,82.68000,82.68000,1.00000,12.00000,3.00000,3.00000,NaN,0.00000,0.00000,136.00000,0.00000
18.18997,18.64562,72.06000,72.06000,1.00000,12.00000,3.00000,3.00000,0.00000,0.00000,0.00000,137.00000,0.00000
18.31864,18.64562,80.91000,80.91000,1.00000,12.00000,6.00000,6.00000,0.00000,0.00000,0.00000,139.00000,0.00000
18.64427,18.78494,75.89000,75.89000,1.00000,13.00000,1.00000,3.00000,NaN,0.00000,0.00000,140.00000,0.00000
18.65454,19.01134,65.00000,65.00000,1.00000,13.00000,1.00000,3.00000,0.00000,0.00000,0.00000,141.00000,0.00000
18.78659,18.99973,76.67000,76.67000,1.00000,13.00000,2.00000,6.00000,0.00000,0.00000,0.00000,142.00000,0.00000
18.99146,19.79501,72.05000,72.05000,1.00000,13.00000,2.00000,3.00000,0.00000,0.00000,0.00000,143.00000,0.00000
18.99431,19.23193,81.02000,81.02000,1.00000,13.00000,2.00000,3.00000,NaN,0.00000,0.00000,144.00000,0.00000
19.19993,19.35383,86.02500,86.02500,1.00000,13.00000,5.00000,9.00000,0.00000,0.00000,0.00000,145.00000,0.00000
19.34623,19.51637,83.15000,83.15000,1.00000,13.00000,6.00000,9.00000,0.00000,0.00000,0.00000,146.00000,0.00000
19.51642,19.74277,78.99000,78.99000,1.00000,13.00000,3.00000,3.00000,NaN,0.00000,0.00000,147.00000,0.00000
19.68249,19.78340,84.36000,84.36000,1.00000,13.00000,8.00000,9.00000,0.00000,0.00000,0.00000,148.00000,0.00000
19.79446,19.98658,80.91000,80.91000,1.00000,13.00000,9.00000,9.00000,0.00000,0.00000,0.00000,149.00000,0.00000
19.98186,20.13170,77.25000,77.25000,1.00000,14.00000,1.00000,3.00000,NaN,0.00000,0.00000,151.00000,0.00000
20.13904,20.25941,75.84000,75.84000,1.00000,14.00000,2.00000,9.00000,0.00000,0.00000,0.00000,152.00000,0.00000
20.26568,20.39293,73.99000,73.99000,1.00000,14.00000,3.00000,9.00000,0.00000,0.00000,0.00000,153.00000,0.00000
20.40121,20.67737,72.10000,72.10000,1.00000,14.00000,2.00000,3.00000,NaN,0.00000,0.00000,154.00000,0.00000
20.56687,20.67156,73.94000,73.94000,1.00000,14.00000,5.00000,9.00000,0.00000,0.00000,0.00000,155.00000,0.00000
20.67713,20.82249,75.91000,75.91000,1.00000,14.00000,6.00000,9.00000,0.00000,0.00000,0.00000,156.00000,0.00000
20.69312,20.97923,64.94000,64.94000,1.00000,14.00000,6.00000,9.00000,0.00000,0.00000,0.00000,157.00000,0.00000
20.80938,20.95601,76.75500,76.75500,1.00000,14.00000,3.00000,3.00000,NaN,0.00000,0.00000,158.00000,0.00000
20.96329,21.06050,78.93000,78.93000,1.00000,14.00000,6.00000,6.00000,0.00000,0.00000,0.00000,159.00000,0.00000
20.97329,21.02970,72.04000,72.04000,1.00000,14.00000,6.00000,6.00000,0.00000,0.00000,0.00000,160.00000,0.00000
21.02970,21.27528,72.09000,72.09000,1.00000,14.00000,6.00000,6.00000,1.00000,0.00000,0.00000,161.00000,0.00000
21.04205,21.25206,80.94500,80.94500,1.00000,14.00000,6.00000,6.00000,1.00000,0.00000,0.00000,162.00000,0.00000
21.25483,21.41460,64.96500,64.96500,1.00000,15.00000,1.00000,3.00000,NaN,0.00000,0.00000,163.00000,0.00000
21.38277,21.75710,80.94000,80.94000,1.00000,15.00000,2.00000,6.00000,0.00000,0.00000,0.00000,164.00000,0.00000
21.38657,21.65149,72.02000,72.02000,1.00000,15.00000,2.00000,6.00000,0.00000,0.00000,0.00000,165.00000,0.00000
21.65149,22.08194,72.06000,72.06000,1.00000,15.00000,2.00000,3.00000,0.00000,0.00000,0.00000,166.00000,0.00000
21.65947,21.72807,82.69000,82.69000,1.00000,15.00000,2.00000,3.00000,NaN,0.00000,0.00000,168.00000,0.00000
21.80927,22.08218,80.95000,80.95000,1.00000,15.00000,4.00000,6.00000,0.00000,0.00000,0.00000,170.00000,0.00000
22.08118,22.32599,79.03000,79.03000,1.00000,15.00000,3.00000,3.00000,NaN,0.00000,0.00000,171.00000,0.00000
22.08194,22.30857,72.11000,72.11000,1.00000,15.00000,3.00000,3.00000,0.00000,0.00000,0.00000,172.00000,0.00000
22.33287,22.52916,64.96000,64.96000,1.00000,15.00000,6.00000,6.00000,0.00000,0.00000,0.00000,173.00000,0.00000
22.54300,22.69170,75.92000,75.92000,1.00000,16.00000,1.00000,3.00000,NaN,0.00000,0.00000,174.00000,0.00000
22.54322,22.76943,66.99000,66.99000,1.00000,16.00000,1.00000,3.00000,0.00000,0.00000,0.00000,175.00000,0.00000
22.76943,22.98195,67.07000,67.07000,1.00000,16.00000,2.00000,6.00000,0.00000,0.00000,0.00000,176.00000,0.00000
22.77962,23.01678,75.99000,75.99000,1.00000,16.00000,2.00000,6.00000,0.00000,0.00000,0.00000,177.00000,0.00000
23.00761,23.37088,64.97000,64.97000,1.00000,16.00000,2.00000,3.00000,NaN,0.00000,0.00000,178.00000,0.00000
23.04882,23.12707,76.05000,76.05000,1.00000,16.00000,2.00000,3.00000,1.00000,0.00000,0.00000,179.00000,0.00000
23.36222,23.51601,68.87000,68.87000,1.00000,16.00000,3.00000,3.00000,NaN,0.00000,0.00000,180.00000,0.00000
23.48612,23.83528,64.93000,64.93000,1.00000,16.00000,6.00000,6.00000,0.00000,0.00000,0.00000,181.00000,0.00000
23.49601,23.82948,60.03000,60.03000,1.00000,16.00000,6.00000,6.00000,0.00000,0.00000,0.00000,182.00000,0.00000
23.83518,24.51712,72.05500,72.05500,1.00000,17.00000,1.00000,3.00000,0.00000,0.00000,0.00000,183.00000,0.00000
23.83839,23.92120,83.39000,83.39000,1.00000,17.00000,1.00000,3.00000,NaN,0.00000,0.00000,184.00000,0.00000
24.02598,24.52027,83.79000,83.79000,1.00000,17.00000,1.00000,3.00000,1.00000,0.00000,0.00000,186.00000,0.00000
24.51712,24.78895,72.09000,72.09000,1.00000,17.00000,4.00000,6.00000,-1.00000,0.00000,0.00000,187.00000,0.00000
24.55763,24.79891,80.90000,80.90000,1.00000,17.00000,4.00000,6.00000,NaN,0.00000,0.00000,188.00000,0.00000
24.78895,24.97446,72.10000,72.10000,1.00000,17.00000,3.00000,3.00000,0.00000,0.00000,0.00000,189.00000,0.00000
24.79299,24.94984,83.91000,83.91000,1.00000,17.00000,3.00000,3.00000,NaN,0.00000,0.00000,190.00000,0.00000
24.96633,25.22268,86.19000,86.19000,1.00000,17.00000,6.00000,6.00000,0.00000,0.00000,0.00000,191.00000,0.00000
24.97446,25.23741,72.02000,72.02000,1.00000,17.00000,6.00000,6.00000,0.00000,0.00000,0.00000,192.00000,0.00000
25.23299,25.40844,83.02000,83.02000,1.00000,18.00000,1.00000,3.00000,NaN,0.00000,0.00000,193.00000,0.00000
25.23741,25.60282,71.97000,71.97000,1.00000,18.00000,1.00000,3.00000,0.00000,0.00000,0.00000,194.00000,0.00000
25.41170,25.58259,83.57000,83.57000,1.00000,18.00000,2.00000,6.00000,0.00000,0.00000,0.00000,195.00000,0.00000
25.59460,25.63911,80.66000,80.66000,1.00000,18.00000,2.00000,3.00000,NaN,0.00000,0.00000,196.00000,0.00000
25.60282,25.93165,71.98000,71.98000,1.00000,18.00000,2.00000,3.00000,0.00000,0.00000,0.00000,197.00000,0.00000
25.60529,25.66966,78.99000,78.99000,1.00000,18.00000,2.00000,3.00000,0.00000,0.00000,0.00000,198.00000,0.00000
25.63911,25.93669,80.91000,80.91000,1.00000,18.00000,2.00000,3.00000,1.00000,0.00000,0.00000,199.00000,0.00000
25.93165,26.60411,72.00000,72.00000,1.00000,18.00000,4.00000,6.00000,0.00000,0.00000,0.00000,200.00000,0.00000
26.17018,26.26177,85.64000,85.64000,1.00000,18.00000,3.00000,3.00000,NaN,0.00000,0.00000,201.00000,0.00000
26.24711,26.31401,83.13000,83.13000,1.00000,18.00000,3.00000,3.00000,1.00000,0.00000,0.00000,202.00000,0.00000
26.29486,26.42156,85.92000,85.92000,1.00000,18.00000,3.00000,3.00000,2.00000,0.00000,0.00000,203.00000,0.00000
26.42156,26.58685,86.11000,86.11000,1.00000,18.00000,6.00000,6.00000,0.00000,0.00000,0.00000,204.00000,0.00000
26.60387,26.70295,83.03000,83.03000,1.00000,19.00000,1.00000,3.00000,NaN,0.00000,0.00000,205.00000,0.00000
26.60411,26.97578,72.00000,72.00000,1.00000,19.00000,1.00000,3.00000,0.00000,0.00000,0.00000,206.00000,0.00000
26.70605,27.30086,84.03000,84.03000,1.00000,19.00000,1.00000,3.00000,1.00000,0.00000,0.00000,207.00000,0.00000
26.96135,27.02222,73.59000,73.59000,1.00000,19.00000,2.00000,3.00000,NaN,0.00000,0.00000,208.00000,0.00000
26.99772,27.11230,72.11000,72.11000,1.00000,19.00000,2.00000,3.00000,1.00000,0.00000,0.00000,209.00000,0.00000
27.11230,27.30543,72.04000,72.04000,1.00000,19.00000,2.00000,3.00000,2.00000,0.00000,0.00000,211.00000,0.00000
27.30543,27.53726,72.03000,72.03000,1.00000,19.00000,4.00000,6.00000,0.00000,0.00000,0.00000,212.00000,0.00000
27.30807,27.53887,80.90000,80.90000,1.00000,19.00000,4.00000,6.00000,0.00000,0.00000,0.00000,213.00000,0.00000
27.52803,27.71882,83.74000,83.74000,1.00000,19.00000,3.00000,3.00000,NaN,0.00000,0.00000,214.00000,0.00000
27.53726,27.71135,72.01000,72.01000,1.00000,19.00000,3.00000,3.00000,0.00000,0.00000,0.00000,215.00000,0.00000
27.71135,27.95201,71.98000,71.98000,1.00000,19.00000,6.00000,6.00000,0.00000,0.00000,0.00000,216.00000,0.00000
27.71700,27.94522,86.10000,86.10000,1.00000,19.00000,6.00000,6.00000,0.00000,0.00000,0.00000,217.00000,0.00000
27.95201,28.31415,71.99000,71.99000,1.00000,20.00000,1.00000,3.00000,0.00000,0.00000,0.00000,218.00000,0.00000
27.95278,28.13098,83.03000,83.03000,1.00000,20.00000,1.00000,3.00000,NaN,0.00000,0.00000,219.00000,0.00000
28.31231,28.38203,80.67000,80.67000,1.00000,20.00000,2.00000,3.00000,NaN,0.00000,0.00000,220.00000,0.00000
28.31415,28.62029,72.04000,72.04000,1.00000,20.00000,2.00000,3.00000,0.00000,0.00000,0.00000,221.00000,0.00000
28.34004,28.41542,79.01000,79.01000,1.00000,20.00000,2.00000,3.00000,1.00000,0.00000,0.00000,222.00000,0.00000
28.38203,28.63601,80.89000,80.89000,1.00000,20.00000,2.00000,3.00000,2.00000,0.00000,0.00000,223.00000,0.00000
28.62029,28.86917,72.04000,72.04000,1.00000,20.00000,4.00000,6.00000,0.00000,0.00000,0.00000,224.00000,0.00000
28.62133,28.85660,83.91000,83.91000,1.00000,20.00000,4.00000,6.00000,0.00000,0.00000,0.00000,225.00000,0.00000
28.86302,28.96109,85.69000,85.69000,1.00000,20.00000,3.00000,3.00000,NaN,0.00000,0.00000,226.00000,0.00000
28.86917,29.00178,72.03500,72.03500,1.00000,20.00000,3.00000,3.00000,0.00000,0.00000,0.00000,227.00000,0.00000
28.96679,29.03655,83.00000,83.00000,1.00000,20.00000,3.00000,3.00000,1.00000,0.00000,0.00000,228.00000,0.00000
29.00178,29.29476,71.96000,71.96000,1.00000,20.00000,3.00000,3.00000,2.00000,0.00000,0.00000,229.00000,0.00000
29.01133,29.19329,86.11000,86.11000,1.00000,20.00000,3.00000,3.00000,2.00000,0.00000,0.00000,230.00000,0.00000
29.29476,29.57609,71.96000,71.96000,1.00000,21.00000,1.00000,3.00000,0.00000,0.00000,0.00000,231.00000,0.00000
29.30391,29.39066,83.54500,83.54500,1.00000,21.00000,1.00000,3.00000,NaN,0.00000,0.00000,232.00000,0.00000
29.38283,29.95374,83.97000,83.97000,1.00000,21.00000,1.00000,3.00000,1.00000,0.00000,0.00000,233.00000,0.00000
29.57609,29.65895,72.00000,72.00000,1.00000,21.00000,2.00000,3.00000,-1.00000,0.00000,0.00000,234.00000,0.00000
29.61475,29.66349,73.56500,73.56500,1.00000,21.00000,2.00000,3.00000,NaN,0.00000,0.00000,235.00000,0.00000
29.65895,29.77010,72.14000,72.14000,1.00000,21.00000,2.00000,3.00000,1.00000,0.00000,0.00000,236.00000,0.00000
29.77010,29.94133,72.07000,72.07000,1.00000,21.00000,2.00000,3.00000,2.00000,0.00000,0.00000,238.00000,0.00000
29.94133,30.22651,72.07000,72.07000,1.00000,21.00000,4.00000,6.00000,0.00000,0.00000,0.00000,239.00000,0.00000
29.94539,30.21572,80.86000,80.86000,1.00000,21.00000,4.00000,6.00000,0.00000,0.00000,0.00000,240.00000,0.00000
30.21331,30.52844,84.00000,84.00000,1.00000,21.00000,3.00000,3.00000,NaN,0.00000,0.00000,241.00000,0.00000
30.21572,30.32526,80.85000,80.85000,1.00000,21.00000,3.00000,3.00000,0.00000,0.00000,0.00000,242.00000,0.00000
30.22651,30.51892,72.01000,72.01000,1.00000,21.00000,3.00000,3.00000,0.00000,0.00000,0.00000,243.00000,0.00000
30.51892,30.71047,72.06000,72.06000,1.00000,21.00000,6.00000,6.00000,0.00000,0.00000,0.00000,244.00000,0.00000
30.55747,30.71420,85.98000,85.98000,1.00000,21.00000,6.00000,6.00000,1.00000,0.00000,0.00000,245.00000,0.00000
30.70547,30.88254,83.02000,83.02000,1.00000,22.00000,1.00000,3.00000,NaN,0.00000,0.00000,246.00000,0.00000
30.71047,30.88121,72.01000,72.01000,1.00000,22.00000,1.00000,3.00000,0.00000,0.00000,0.00000,247.00000,0.00000
30.88121,31.01953,72.00000,72.00000,1.00000,22.00000,2.00000,6.00000,0.00000,0.00000,0.00000,248.00000,0.00000
30.88655,31.01605,78.96000,78.96000,1.00000,22.00000,2.00000,6.00000,0.00000,0.00000,0.00000,249.00000,0.00000
31.01150,31.21923,80.89000,80.89000,1.00000,22.00000,2.00000,3.00000,NaN,0.00000,0.00000,250.00000,0.00000
31.01953,31.22031,72.00000,72.00000,1.00000,22.00000,2.00000,3.00000,0.00000,0.00000,0.00000,251.00000,0.00000
31.22031,31.48669,72.00000,72.00000,1.00000,22.00000,4.00000,6.00000,0.00000,0.00000,0.00000,252.00000,0.00000
31.48669,31.77651,72.07000,72.07000,1.00000,22.00000,3.00000,3.00000,0.00000,0.00000,0.00000,253.00000,0.00000
31.48713,31.57564,82.86000,82.86000,1.00000,22.00000,3.00000,3.00000,NaN,0.00000,0.00000,255.00000,0.00000
31.53424,31.57914,80.92000,80.92000,1.00000,22.00000,3.00000,3.00000,1.00000,0.00000,0.00000,257.00000,0.00000
31.77680,32.02462,72.02500,72.02500,1.00000,22.00000,6.00000,6.00000,0.00000,0.00000,0.00000,259.00000,0.00000
31.79086,32.04513,86.15000,86.15000,1.00000,22.00000,6.00000,6.00000,0.00000,0.00000,0.00000,260.00000,0.00000
32.02462,32.24438,71.99000,71.99000,1.00000,23.00000,1.00000,3.00000,-1.00000,0.00000,0.00000,261.00000,0.00000
32.04513,32.24091,86.09000,86.09000,1.00000,23.00000,1.00000,3.00000,NaN,0.00000,0.00000,262.00000,0.00000
32.24241,32.31637,83.04000,83.04000,1.00000,23.00000,2.00000,6.00000,0.00000,0.00000,0.00000,263.00000,0.00000
32.24438,32.35904,72.02500,72.02500,1.00000,23.00000,2.00000,6.00000,0.00000,0.00000,0.00000,264.00000,0.00000
32.35904,32.50923,72.03000,72.03000,1.00000,23.00000,2.00000,3.00000,NaN,0.00000,0.00000,265.00000,0.00000
32.50923,32.79814,72.06000,72.06000,1.00000,23.00000,2.00000,3.00000,1.00000,0.00000,0.00000,266.00000,0.00000
32.51840,32.82721,80.92000,80.92000,1.00000,23.00000,2.00000,3.00000,1.00000,0.00000,0.00000,267.00000,0.00000
32.79814,33.12202,72.04000,72.04000,1.00000,23.00000,3.00000,3.00000,-1.00000,0.00000,0.00000,268.00000,0.00000
32.82851,32.87946,82.47000,82.47000,1.00000,23.00000,3.00000,3.00000,NaN,0.00000,0.00000,269.00000,0.00000
32.88137,33.11746,83.99000,83.99000,1.00000,23.00000,3.00000,3.00000,1.00000,0.00000,0.00000,270.00000,0.00000
33.12202,33.31273,72.02500,72.02500,1.00000,23.00000,6.00000,6.00000,0.00000,0.00000,0.00000,271.00000,0.00000
33.12441,33.30902,86.07000,86.07000,1.00000,23.00000,6.00000,6.00000,0.00000,0.00000,0.00000,272.00000,0.00000
33.30387,33.48317,82.98000,82.98000,1.00000,24.00000,1.00000,3.00000,NaN,0.00000,0.00000,273.00000,0.00000
33.31273,33.48095,72.02500,72.02500,1.00000,24.00000,1.00000,3.00000,0.00000,0.00000,0.00000,274.00000,0.00000
33.48095,33.57957,72.03000,72.03000,1.00000,24.00000,2.00000,6.00000,0.00000,0.00000,0.00000,275.00000,0.00000
33.48362,33.61088,78.97000,78.97000,1.00000,24.00000,2.00000,6.00000,0.00000,0.00000,0.00000,276.00000,0.00000
33.57957,33.80892,72.05000,72.05000,1.00000,24.00000,2.00000,3.00000,0.00000,0.00000,0.00000,277.00000,0.00000
33.59538,33.81406,80.90000,80.90000,1.00000,24.00000,2.00000,3.00000,NaN,0.00000,0.00000,278.00000,0.00000
33.80892,34.34045,72.04000,72.04000,1.00000,24.00000,4.00000,6.00000,0.00000,0.00000,0.00000,279.00000,0.00000
34.09757,34.14494,80.88500,80.88500,1.00000,24.00000,3.00000,3.00000,NaN,0.00000,0.00000,280.00000,0.00000
34.14841,34.34812,83.02000,83.02000,1.00000,24.00000,3.00000,3.00000,1.00000,0.00000,0.00000,281.00000,0.00000
34.34045,34.61527,72.04500,72.04500,1.00000,24.00000,6.00000,6.00000,0.00000,0.00000,0.00000,282.00000,0.00000
34.35966,34.61515,86.14000,86.14000,1.00000,24.00000,6.00000,6.00000,0.00000,0.00000,0.00000,283.00000,0.00000
34.61498,34.71383,82.98000,82.98000,1.00000,25.00000,1.00000,3.00000,NaN,0.00000,0.00000,284.00000,0.00000
34.61527,34.97506,72.00000,72.00000,1.00000,25.00000,1.00000,3.00000,0.00000,0.00000,0.00000,285.00000,0.00000
34.72016,34.93442,83.97000,83.97000,1.00000,25.00000,1.00000,3.00000,1.00000,0.00000,0.00000,286.00000,0.00000
34.94461,35.17243,80.90000,80.90000,1.00000,25.00000,2.00000,3.00000,NaN,0.00000,0.00000,287.00000,0.00000
35.16669,35.36399,86.11000,86.11000,1.00000,25.00000,5.00000,9.00000,0.00000,0.00000,0.00000,288.00000,0.00000
35.33930,35.49170,83.00000,83.00000,1.00000,25.00000,6.00000,9.00000,0.00000,0.00000,0.00000,289.00000,0.00000
35.48862,35.67166,78.96000,78.96000,1.00000,25.00000,3.00000,3.00000,NaN,0.00000,0.00000,290.00000,0.00000
35.66288,35.79356,84.02000,84.02000,1.00000,25.00000,8.00000,9.00000,0.00000,0.00000,0.00000,291.00000,0.00000
35.66291,35.81098,72.05000,72.05000,1.00000,25.00000,8.00000,9.00000,0.00000,0.00000,0.00000,292.00000,0.00000
35.78216,35.94702,80.91000,80.91000,1.00000,25.00000,9.00000,9.00000,0.00000,0.00000,0.00000,293.00000,0.00000
35.94702,36.10703,80.91000,80.91000,1.00000,26.00000,1.00000,3.00000,0.00000,0.00000,0.00000,294.00000,0.00000
35.95084,36.11864,77.07000,77.07000,1.00000,26.00000,1.00000,3.00000,NaN,0.00000,0.00000,295.00000,0.00000
36.12829,36.24635,75.89000,75.89000,1.00000,26.00000,2.00000,9.00000,0.00000,0.00000,0.00000,296.00000,0.00000
36.25193,36.37986,73.88000,73.88000,1.00000,26.00000,3.00000,9.00000,0.00000,0.00000,0.00000,297.00000,0.00000
36.38181,36.64689,72.10000,72.10000,1.00000,26.00000,2.00000,3.00000,NaN,0.00000,0.00000,298.00000,0.00000
36.54245,36.64109,74.04000,74.04000,1.00000,26.00000,5.00000,9.00000,0.00000,0.00000,0.00000,299.00000,0.00000
36.64108,36.78621,76.01000,76.01000,1.00000,26.00000,6.00000,9.00000,0.00000,0.00000,0.00000,300.00000,0.00000
36.77565,36.97197,76.89000,76.89000,1.00000,26.00000,3.00000,3.00000,NaN,0.00000,0.00000,301.00000,0.00000
36.90938,37.01633,78.98357,78.98357,1.00000,26.00000,6.00000,6.00000,-1.00000,0.00000,0.00000,302.00000,0.00000
36.99517,37.23320,80.90500,80.90500,1.00000,26.00000,6.00000,6.00000,0.00000,0.00000,0.00000,303.00000,0.00000
36.99850,37.21578,72.08000,72.08000,1.00000,26.00000,6.00000,6.00000,0.00000,0.00000,0.00000,304.00000,0.00000
37.20693,37.37832,64.96000,64.96000,1.00000,27.00000,1.00000,3.00000,0.00000,0.00000,0.00000,305.00000,0.00000
37.20809,37.36671,76.64000,76.64000,1.00000,27.00000,1.00000,3.00000,NaN,0.00000,0.00000,306.00000,0.00000
37.34456,37.64214,80.92000,80.92000,1.00000,27.00000,2.00000,6.00000,0.00000,0.00000,0.00000,307.00000,0.00000
37.36543,37.59767,72.06000,72.06000,1.00000,27.00000,2.00000,6.00000,1.00000,0.00000,0.00000,308.00000,0.00000
37.59734,37.65116,82.40500,82.40500,1.00000,27.00000,2.00000,3.00000,NaN,0.00000,0.00000,309.00000,0.00000
37.59767,37.99607,72.04000,72.04000,1.00000,27.00000,2.00000,3.00000,0.00000,0.00000,0.00000,310.00000,0.00000
37.64214,37.69760,80.97000,80.97000,1.00000,27.00000,2.00000,3.00000,1.00000,0.00000,0.00000,312.00000,0.00000
37.74523,37.99946,80.94000,80.94000,1.00000,27.00000,2.00000,3.00000,2.00000,0.00000,0.00000,314.00000,0.00000
37.99292,38.24907,79.05000,79.05000,1.00000,27.00000,3.00000,3.00000,NaN,0.00000,0.00000,315.00000,0.00000
37.99607,38.22585,72.05000,72.05000,1.00000,27.00000,3.00000,3.00000,0.00000,0.00000,0.00000,316.00000,0.00000
38.24867,38.45224,64.96000,64.96000,1.00000,27.00000,6.00000,6.00000,0.00000,0.00000,0.00000,317.00000,0.00000
38.25923,38.48707,76.89000,76.89000,1.00000,27.00000,6.00000,6.00000,0.00000,0.00000,0.00000,318.00000,0.00000
38.46623,38.70407,67.02500,67.02500,1.00000,28.00000,1.00000,3.00000,0.00000,0.00000,0.00000,319.00000,0.00000
38.47452,38.63800,75.95000,75.95000,1.00000,28.00000,1.00000,3.00000,NaN,0.00000,0.00000,320.00000,0.00000
38.96515,39.30558,64.94000,64.94000,1.00000,28.00000,2.00000,3.00000,NaN,0.00000,0.00000,324.00000,0.00000
39.28163,39.41587,68.86000,68.86000,1.00000,28.00000,3.00000,3.00000,NaN,0.00000,0.00000,325.00000,0.00000
39.29375,39.40339,59.97500,59.97500,1.00000,28.00000,3.00000,3.00000,0.00000,0.00000,0.00000,326.00000,0.00000
39.40339,39.74095,60.02000,60.02000,1.00000,28.00000,3.00000,3.00000,1.00000,0.00000,0.00000,327.00000,0.00000
39.40424,39.72675,64.95000,64.95000,1.00000,28.00000,3.00000,3.00000,1.00000,0.00000,0.00000,328.00000,0.00000
39.72675,39.86286,64.90000,64.90000,1.00000,28.00000,12.00000,12.00000,0.00000,0.00000,0.00000,329.00000,0.00000
39.82183,40.40341,72.03949,72.03949,1.00000,29.00000,1.00000,3.00000,NaN,0.00000,0.00000,330.00000,0.00000
39.86921,39.93252,83.56500,83.56500,1.00000,29.00000,1.00000,3.00000,1.00000,0.00000,0.00000,331.00000,0.00000
40.37253,40.42259,80.71000,80.71000,1.00000,29.00000,4.00000,6.00000,NaN,0.00000,0.00000,333.00000,0.00000
40.38032,40.66440,72.11000,72.11000,1.00000,29.00000,4.00000,6.00000,0.00000,0.00000,0.00000,334.00000,0.00000
40.42259,40.66395,80.90000,80.90000,1.00000,29.00000,4.00000,6.00000,1.00000,0.00000,0.00000,335.00000,0.00000
40.65406,40.86132,83.56500,83.56500,1.00000,29.00000,3.00000,3.00000,NaN,0.00000,0.00000,336.00000,0.00000
40.66440,41.10411,72.03000,72.03000,1.00000,29.00000,3.00000,3.00000,0.00000,0.00000,0.00000,337.00000,0.00000
40.86564,40.94372,86.12000,86.12000,1.00000,29.00000,6.00000,6.00000,NaN,0.00000,0.00000,338.00000,0.00000
40.94372,41.10512,86.14000,86.14000,1.00000,29.00000,6.00000,6.00000,1.00000,0.00000,0.00000,339.00000,0.00000
41.10411,41.29120,72.07000,72.07000,1.00000,30.00000,1.00000,3.00000,0.00000,0.00000,0.00000,340.00000,0.00000
41.10922,41.29826,83.12000,83.12000,1.00000,30.00000,1.00000,3.00000,NaN,0.00000,0.00000,341.00000,0.00000
41.29120,41.46549,72.04000,72.04000,1.00000,30.00000,2.00000,6.00000,0.00000,0.00000,0.00000,342.00000,0.00000
41.29826,41.45923,83.77000,83.77000,1.00000,30.00000,2.00000,6.00000,0.00000,0.00000,0.00000,343.00000,0.00000
41.46454,41.53318,80.78000,80.78000,1.00000,30.00000,2.00000,3.00000,0.00000,0.00000,0.00000,344.00000,0.00000
41.46549,41.78906,72.02000,72.02000,1.00000,30.00000,2.00000,3.00000,0.00000,0.00000,0.00000,345.00000,0.00000
41.48617,41.54050,79.00000,79.00000,1.00000,30.00000,2.00000,3.00000,1.00000,0.00000,0.00000,346.00000,0.00000
41.53318,41.83075,80.90000,80.90000,1.00000,30.00000,2.00000,3.00000,2.00000,0.00000,0.00000,347.00000,0.00000
41.78906,41.99528,71.99000,71.99000,1.00000,30.00000,4.00000,6.00000,0.00000,0.00000,0.00000,348.00000,0.00000
41.79113,41.99496,83.66864,83.66864,1.00000,30.00000,4.00000,6.00000,0.00000,0.00000,0.00000,349.00000,0.00000
41.99528,42.15791,72.01000,72.01000,1.00000,30.00000,3.00000,3.00000,-1.00000,0.00000,0.00000,350.00000,0.00000
42.03838,42.14422,85.79000,85.79000,1.00000,30.00000,3.00000,3.00000,0.00000,0.00000,0.00000,351.00000,0.00000
42.12957,42.16803,83.05279,83.05279,1.00000,30.00000,3.00000,3.00000,1.00000,0.00000,0.00000,352.00000,0.00000
42.15791,42.47242,71.96000,71.96000,1.00000,30.00000,3.00000,3.00000,2.00000,0.00000,0.00000,353.00000,0.00000
42.16069,42.41125,86.04000,86.04000,1.00000,30.00000,3.00000,3.00000,2.00000,0.00000,0.00000,354.00000,0.00000
42.45733,42.53896,83.01000,83.01000,1.00000,31.00000,1.00000,3.00000,NaN,0.00000,0.00000,355.00000,0.00000
42.47242,42.86404,72.04000,72.04000,1.00000,31.00000,1.00000,3.00000,0.00000,0.00000,0.00000,356.00000,0.00000
42.54695,43.14268,83.91000,83.91000,1.00000,31.00000,1.00000,3.00000,1.00000,0.00000,0.00000,357.00000,0.00000
42.77729,42.88733,73.69500,73.69500,1.00000,31.00000,2.00000,3.00000,0.00000,0.00000,0.00000,358.00000,0.00000
42.88733,42.99755,73.82000,73.82000,1.00000,31.00000,2.00000,3.00000,1.00000,0.00000,0.00000,359.00000,0.00000
42.95202,43.13918,72.05000,72.05000,1.00000,31.00000,2.00000,3.00000,2.00000,0.00000,0.00000,360.00000,0.00000
43.13918,43.37607,72.02000,72.02000,1.00000,31.00000,4.00000,6.00000,0.00000,0.00000,0.00000,361.00000,0.00000
43.14145,43.37488,80.85000,80.85000,1.00000,31.00000,4.00000,6.00000,NaN,0.00000,0.00000,362.00000,0.00000
43.35264,43.54109,83.80060,83.80060,1.00000,31.00000,3.00000,3.00000,0.00000,0.00000,0.00000,363.00000,0.00000
43.37607,43.56144,72.02000,72.02000,1.00000,31.00000,3.00000,3.00000,1.00000,0.00000,0.00000,364.00000,0.00000
43.55708,43.79283,86.09000,86.09000,1.00000,31.00000,6.00000,6.00000,0.00000,0.00000,0.00000,365.00000,0.00000
43.56144,43.79652,72.00000,72.00000,1.00000,31.00000,6.00000,6.00000,0.00000,0.00000,0.00000,366.00000,0.00000
43.79652,44.19643,71.97000,71.97000,1.00000,32.00000,1.00000,3.00000,0.00000,0.00000,0.00000,367.00000,0.00000
43.80974,44.00181,83.00000,83.00000,1.00000,32.00000,1.00000,3.00000,0.00000,0.00000,0.00000,368.00000,0.00000
44.02188,44.15649,83.66864,83.66864,1.00000,32.00000,2.00000,6.00000,0.00000,0.00000,0.00000,369.00000,0.00000
44.18955,44.27083,80.63000,80.63000,1.00000,32.00000,2.00000,3.00000,0.00000,0.00000,0.00000,370.00000,0.00000
44.19643,44.49373,71.97000,71.97000,1.00000,32.00000,2.00000,3.00000,0.00000,0.00000,0.00000,371.00000,0.00000
44.27083,44.48943,80.86000,80.86000,1.00000,32.00000,2.00000,3.00000,1.00000,0.00000,0.00000,372.00000,0.00000
44.49124,44.69841,83.93000,83.93000,1.00000,32.00000,4.00000,6.00000,0.00000,0.00000,0.00000,373.00000,0.00000
44.49373,44.67216,72.01000,72.01000,1.00000,32.00000,4.00000,6.00000,0.00000,0.00000,0.00000,374.00000,0.00000
44.67216,44.71134,71.95500,71.95500,1.00000,32.00000,3.00000,3.00000,-1.00000,0.00000,0.00000,375.00000,0.00000
44.70837,44.82032,85.88000,85.88000,1.00000,32.00000,3.00000,3.00000,0.00000,0.00000,0.00000,376.00000,0.00000
44.71134,44.84935,72.01000,72.01000,1.00000,32.00000,3.00000,3.00000,0.00000,0.00000,0.00000,377.00000,0.00000
44.80420,44.87837,82.96000,82.96000,1.00000,32.00000,3.00000,3.00000,1.00000,0.00000,0.00000,378.00000,0.00000
44.84935,45.15492,71.98500,71.98500,1.00000,32.00000,3.00000,3.00000,2.00000,0.00000,0.00000,379.00000,0.00000
44.85074,45.10476,86.09000,86.09000,1.00000,32.00000,3.00000,3.00000,2.00000,0.00000,0.00000,380.00000,0.00000
45.15492,45.57576,72.05000,72.05000,1.00000,33.00000,1.00000,3.00000,0.00000,0.00000,0.00000,381.00000,0.00000
45.16118,45.25569,82.96000,82.96000,1.00000,33.00000,1.00000,3.00000,0.00000,0.00000,0.00000,382.00000,0.00000
45.24955,45.78975,83.89500,83.89500,1.00000,33.00000,1.00000,3.00000,1.00000,0.00000,0.00000,383.00000,0.00000
45.45435,45.53433,73.58000,73.58000,1.00000,33.00000,2.00000,6.00000,0.00000,0.00000,0.00000,384.00000,0.00000
45.79949,46.09741,80.86000,80.86000,1.00000,33.00000,4.00000,6.00000,0.00000,0.00000,0.00000,386.00000,0.00000
45.80143,46.08189,72.08000,72.08000,1.00000,33.00000,4.00000,6.00000,0.00000,0.00000,0.00000,387.00000,0.00000
46.07872,46.38186,84.00000,84.00000,1.00000,33.00000,3.00000,3.00000,0.00000,0.00000,0.00000,388.00000,0.00000
46.08189,46.40051,72.02500,72.02500,1.00000,33.00000,3.00000,3.00000,0.00000,0.00000,0.00000,389.00000,0.00000
46.40051,46.56946,72.02500,72.02500,1.00000,33.00000,6.00000,6.00000,0.00000,0.00000,0.00000,390.00000,0.00000
46.40517,46.57342,86.02000,86.02000,1.00000,33.00000,6.00000,6.00000,0.00000,0.00000,0.00000,391.00000,0.00000
46.55172,46.75338,83.07000,83.07000,1.00000,34.00000,1.00000,3.00000,0.00000,0.00000,0.00000,392.00000,0.00000
46.56946,46.73906,72.00000,72.00000,1.00000,34.00000,1.00000,3.00000,0.00000,0.00000,0.00000,393.00000,0.00000
46.73906,46.88123,72.03000,72.03000,1.00000,34.00000,2.00000,6.00000,0.00000,0.00000,0.00000,394.00000,0.00000
46.75356,46.88689,78.97500,78.97500,1.00000,34.00000,2.00000,6.00000,0.00000,0.00000,0.00000,395.00000,0.00000
46.87191,47.09587,80.90000,80.90000,1.00000,34.00000,2.00000,3.00000,0.00000,0.00000,0.00000,396.00000,0.00000
46.88123,47.09495,72.00500,72.00500,1.00000,34.00000,2.00000,3.00000,0.00000,0.00000,0.00000,397.00000,0.00000
47.09495,47.38071,72.05000,72.05000,1.00000,34.00000,4.00000,6.00000,0.00000,0.00000,0.00000,398.00000,0.00000
47.10315,47.38032,83.88000,83.88000,1.00000,34.00000,4.00000,6.00000,0.00000,0.00000,0.00000,399.00000,0.00000
47.38071,47.65760,72.06000,72.06000,1.00000,34.00000,3.00000,3.00000,0.00000,0.00000,0.00000,400.00000,0.00000
47.38868,47.44417,80.93000,80.93000,1.00000,34.00000,3.00000,3.00000,0.00000,0.00000,0.00000,401.00000,0.00000
47.44930,47.64154,83.09000,83.09000,1.00000,34.00000,3.00000,3.00000,1.00000,0.00000,0.00000,402.00000,0.00000
47.65760,47.91600,72.04000,72.04000,1.00000,34.00000,6.00000,6.00000,0.00000,0.00000,0.00000,403.00000,0.00000
47.65892,47.77989,86.12500,86.12500,1.00000,34.00000,6.00000,6.00000,0.00000,0.00000,0.00000,404.00000,0.00000
47.89053,48.03555,86.13525,86.13525,1.00000,35.00000,1.00000,3.00000,0.00000,0.00000,0.00000,405.00000,0.00000
47.91600,48.14436,72.05000,72.05000,1.00000,35.00000,1.00000,3.00000,1.00000,0.00000,0.00000,406.00000,0.00000
48.14436,48.25178,72.04000,72.04000,1.00000,35.00000,2.00000,6.00000,0.00000,0.00000,0.00000,407.00000,0.00000
48.14437,48.38458,83.78000,83.78000,1.00000,35.00000,2.00000,6.00000,0.00000,0.00000,0.00000,408.00000,0.00000
48.40612,48.70533,72.08000,72.08000,1.00000,35.00000,2.00000,3.00000,0.00000,0.00000,0.00000,410.00000,0.00000
48.41064,48.72127,80.88000,80.88000,1.00000,35.00000,2.00000,3.00000,0.00000,0.00000,0.00000,411.00000,0.00000
48.69599,48.76190,83.39000,83.39000,1.00000,35.00000,3.00000,3.00000,NaN,0.00000,0.00000,412.00000,0.00000
48.70533,49.03246,71.99000,71.99000,1.00000,35.00000,3.00000,3.00000,0.00000,0.00000,0.00000,413.00000,0.00000
48.72828,48.77351,82.14000,82.14000,1.00000,35.00000,3.00000,3.00000,1.00000,0.00000,0.00000,414.00000,0.00000
48.73521,48.79093,82.70000,82.70000,1.00000,35.00000,3.00000,3.00000,1.00000,0.00000,0.00000,415.00000,0.00000
48.78734,49.02893,83.98500,83.98500,1.00000,35.00000,3.00000,3.00000,2.00000,0.00000,0.00000,416.00000,0.00000
49.03246,49.20586,72.03000,72.03000,1.00000,35.00000,12.00000,12.00000,0.00000,0.00000,0.00000,417.00000,0.00000
49.03411,49.20889,86.00000,86.00000,1.00000,35.00000,12.00000,12.00000,0.00000,0.00000,0.00000,418.00000,0.00000
49.19900,49.36562,83.01000,83.01000,1.00000,36.00000,1.00000,3.00000,NaN,0.00000,0.00000,419.00000,0.00000
49.20586,49.36291,72.01000,72.01000,1.00000,36.00000,1.00000,3.00000,0.00000,0.00000,0.00000,420.00000,0.00000
49.36291,49.49696,72.04000,72.04000,1.00000,36.00000,2.00000,6.00000,0.00000,0.00000,0.00000,421.00000,0.00000
49.36737,49.50494,79.00000,79.00000,1.00000,36.00000,2.00000,6.00000,NaN,0.00000,0.00000,422.00000,0.00000
49.49696,49.68220,72.07000,72.07000,1.00000,36.00000,2.00000,3.00000,0.00000,0.00000,0.00000,423.00000,0.00000
49.49781,49.68490,80.88000,80.88000,1.00000,36.00000,2.00000,3.00000,0.00000,0.00000,0.00000,424.00000,0.00000
49.68220,49.96713,72.03500,72.03500,1.00000,36.00000,4.00000,6.00000,0.00000,0.00000,0.00000,425.00000,0.00000
49.69727,49.95193,83.70000,83.70000,1.00000,36.00000,4.00000,6.00000,0.00000,0.00000,0.00000,426.00000,0.00000
49.94918,50.02601,82.68000,82.68000,1.00000,36.00000,3.00000,3.00000,0.00000,0.00000,0.00000,427.00000,0.00000
49.96713,50.21115,72.04000,72.04000,1.00000,36.00000,3.00000,3.00000,1.00000,0.00000,0.00000,428.00000,0.00000
49.97890,50.02739,80.86000,80.86000,1.00000,36.00000,3.00000,3.00000,1.00000,0.00000,0.00000,429.00000,0.00000
50.02601,50.21315,82.95000,82.95000,1.00000,36.00000,3.00000,3.00000,2.00000,0.00000,0.00000,430.00000,0.00000
50.21115,50.48995,72.07000,72.07000,1.00000,36.00000,6.00000,6.00000,0.00000,0.00000,0.00000,431.00000,0.00000
50.22059,50.48599,86.01000,86.01000,1.00000,36.00000,6.00000,6.00000,0.00000,0.00000,0.00000,432.00000,0.00000
50.47485,50.54984,82.99000,82.99000,1.00000,37.00000,1.00000,3.00000,0.00000,0.00000,0.00000,433.00000,0.00000
50.48995,50.80506,72.00000,72.00000,1.00000,37.00000,1.00000,3.00000,0.00000,0.00000,0.00000,434.00000,0.00000
50.56862,50.80526,83.91000,83.91000,1.00000,37.00000,1.00000,3.00000,1.00000,0.00000,0.00000,435.00000,0.00000
50.80506,50.99683,72.02000,72.02000,1.00000,37.00000,2.00000,3.00000,0.00000,0.00000,0.00000,436.00000,0.00000
50.81291,51.02585,80.88000,80.88000,1.00000,37.00000,2.00000,3.00000,NaN,0.00000,0.00000,437.00000,0.00000
51.02048,51.19420,85.97000,85.97000,1.00000,37.00000,5.00000,9.00000,NaN,0.00000,0.00000,438.00000,0.00000
51.19335,51.35093,83.02000,83.02000,1.00000,37.00000,6.00000,9.00000,0.00000,0.00000,0.00000,439.00000,0.00000
51.35074,51.51927,78.94000,78.94000,1.00000,37.00000,3.00000,3.00000,0.00000,0.00000,0.00000,440.00000,0.00000
51.51044,51.63516,84.07320,84.07320,1.00000,37.00000,6.00000,6.00000,0.00000,0.00000,0.00000,441.00000,0.00000
51.51964,51.65859,72.09000,72.09000,1.00000,37.00000,6.00000,6.00000,0.00000,0.00000,0.00000,442.00000,0.00000
51.62539,51.78890,80.88000,80.88000,1.00000,37.00000,8.00000,9.00000,0.00000,0.00000,0.00000,443.00000,0.00000
51.78915,51.97206,76.92000,76.92000,1.00000,38.00000,1.00000,3.00000,NaN,0.00000,0.00000,445.00000,0.00000
51.94854,52.08236,75.87000,75.87000,1.00000,38.00000,2.00000,9.00000,NaN,0.00000,0.00000,446.00000,0.00000
52.08844,52.21587,73.89000,73.89000,1.00000,38.00000,3.00000,9.00000,0.00000,0.00000,0.00000,447.00000,0.00000
52.22501,52.48290,72.12000,72.12000,1.00000,38.00000,2.00000,3.00000,0.00000,0.00000,0.00000,448.00000,0.00000
52.36863,52.46549,73.96000,73.96000,1.00000,38.00000,5.00000,9.00000,0.00000,0.00000,0.00000,449.00000,0.00000
52.46276,52.61642,76.07000,76.07000,1.00000,38.00000,6.00000,9.00000,0.00000,0.00000,0.00000,450.00000,0.00000
52.60180,52.75574,76.95500,76.95500,1.00000,38.00000,3.00000,3.00000,0.00000,0.00000,0.00000,451.00000,0.00000
52.61037,52.80218,64.93000,64.93000,1.00000,38.00000,3.00000,3.00000,0.00000,0.00000,0.00000,452.00000,0.00000
52.75779,52.84862,79.03000,79.03000,1.00000,38.00000,8.00000,9.00000,0.00000,0.00000,0.00000,453.00000,0.00000
52.81833,53.05179,72.08000,72.08000,1.00000,38.00000,8.00000,9.00000,1.00000,0.00000,0.00000,454.00000,0.00000
52.82921,53.06340,80.93000,80.93000,1.00000,38.00000,8.00000,9.00000,1.00000,0.00000,0.00000,455.00000,0.00000
53.04153,53.23175,64.96000,64.96000,1.00000,39.00000,1.00000,3.00000,0.00000,0.00000,0.00000,456.00000,0.00000
53.04311,53.17370,76.48000,76.48000,1.00000,39.00000,1.00000,3.00000,0.00000,0.00000,0.00000,457.00000,0.00000
53.16514,53.53361,80.92000,80.92000,1.00000,39.00000,2.00000,6.00000,NaN,0.00000,0.00000,458.00000,0.00000
53.18047,53.42491,72.03000,72.03000,1.00000,39.00000,2.00000,6.00000,0.00000,0.00000,0.00000,459.00000,0.00000
53.42491,53.83920,72.09000,72.09000,1.00000,39.00000,2.00000,3.00000,0.00000,0.00000,0.00000,460.00000,0.00000
53.42913,53.47556,82.22000,82.22000,1.00000,39.00000,2.00000,3.00000,NaN,0.00000,0.00000,461.00000,0.00000
53.51631,53.56844,82.40000,82.40000,1.00000,39.00000,2.00000,3.00000,1.00000,0.00000,0.00000,462.00000,0.00000
53.58261,53.82966,80.95000,80.95000,1.00000,39.00000,2.00000,3.00000,2.00000,0.00000,0.00000,463.00000,0.00000
53.83029,54.09669,79.05000,79.05000,1.00000,39.00000,3.00000,3.00000,NaN,0.00000,0.00000,464.00000,0.00000
53.83920,54.07927,72.09000,72.09000,1.00000,39.00000,3.00000,3.00000,0.00000,0.00000,0.00000,465.00000,0.00000
54.10307,54.35791,76.82000,76.82000,1.00000,39.00000,6.00000,6.00000,NaN,0.00000,0.00000,466.00000,0.00000
54.32634,54.48867,67.04000,67.04000,1.00000,40.00000,1.00000,3.00000,0.00000,0.00000,0.00000,467.00000,0.00000
54.32698,54.46240,75.94000,75.94000,1.00000,40.00000,1.00000,3.00000,0.00000,0.00000,0.00000,468.00000,0.00000
54.47206,54.54402,74.38594,74.38594,1.00000,40.00000,2.00000,6.00000,0.00000,0.00000,0.00000,469.00000,0.00000
54.48867,54.74104,67.06000,67.06000,1.00000,40.00000,2.00000,6.00000,0.00000,0.00000,0.00000,470.00000,0.00000
54.56215,54.77587,75.90500,75.90500,1.00000,40.00000,4.00000,12.00000,NaN,0.00000,0.00000,471.00000,0.00000
54.77322,55.17061,64.92000,64.92000,1.00000,40.00000,2.00000,3.00000,0.00000,0.00000,0.00000,472.00000,0.00000
54.78388,55.12331,76.87444,76.87444,1.00000,40.00000,2.00000,3.00000,NaN,0.00000,0.00000,473.00000,0.00000
55.15663,55.32735,68.89000,68.89000,1.00000,40.00000,3.00000,3.00000,NaN,0.00000,0.00000,474.00000,0.00000
55.17044,55.62638,60.03000,60.03000,1.00000,40.00000,3.00000,3.00000,0.00000,0.00000,0.00000,475.00000,0.00000
55.30242,55.65243,64.96000,64.96000,1.00000,40.00000,6.00000,6.00000,NaN,0.00000,0.00000,476.00000,0.00000
55.62638,56.01814,60.02000,60.02000,1.00000,41.00000,1.00000,3.00000,0.00000,0.00000,0.00000,477.00000,0.00000
55.62998,55.82077,70.91000,70.91000,1.00000,41.00000,1.00000,3.00000,NaN,0.00000,0.00000,478.00000,0.00000
55.68441,56.57542,71.90165,71.90165,1.00000,41.00000,1.00000,3.00000,1.00000,0.00000,0.00000,479.00000,0.00000
56.47920,56.58749,73.64000,73.64000,1.00000,41.00000,3.00000,3.00000,NaN,0.00000,0.00000,480.00000,0.00000
56.52922,56.61947,72.36488,72.36488,1.00000,41.00000,3.00000,3.00000,1.00000,0.00000,0.00000,481.00000,0.00000
56.58749,56.69152,73.64000,73.64000,1.00000,41.00000,3.00000,3.00000,2.00000,0.00000,0.00000,482.00000,0.00000
56.66916,57.01660,72.05000,72.05000,1.00000,41.00000,3.00000,3.00000,3.00000,0.00000,0.00000,483.00000,0.00000
56.97982,57.12109,70.02000,70.02000,1.00000,42.00000,1.00000,3.00000,0.00000,0.00000,0.00000,484.00000,0.00000
57.12229,57.24299,66.94000,66.94000,1.00000,42.00000,2.00000,9.00000,0.00000,0.00000,0.00000,485.00000,0.00000
57.23689,57.33587,69.73000,69.73000,1.00000,42.00000,3.00000,9.00000,0.00000,0.00000,0.00000,486.00000,0.00000
57.33775,57.47519,68.81000,68.81000,1.00000,42.00000,2.00000,3.00000,0.00000,0.00000,0.00000,487.00000,0.00000
57.47933,57.75383,64.91000,64.91000,1.00000,42.00000,4.00000,6.00000,0.00000,0.00000,0.00000,488.00000,0.00000
57.75456,57.97442,63.94000,63.94000,1.00000,42.00000,3.00000,3.00000,0.00000,0.00000,0.00000,489.00000,0.00000
57.76248,58.24145,67.02000,67.02000,1.00000,42.00000,3.00000,3.00000,0.00000,0.00000,0.00000,490.00000,0.00000
57.97070,58.23565,71.97000,71.97000,1.00000,42.00000,6.00000,6.00000,0.00000,0.00000,0.00000,491.00000,0.00000
58.25393,58.82195,64.89000,64.89000,1.00000,43.00000,1.00000,3.00000,NaN,0.00000,0.00000,492.00000,0.00000
58.28125,58.33433,64.00000,64.00000,1.00000,43.00000,1.00000,3.00000,1.00000,0.00000,0.00000,493.00000,0.00000
58.56214,58.83356,60.05000,60.05000,1.00000,43.00000,3.00000,9.00000,NaN,0.00000,0.00000,494.00000,0.00000
58.81141,59.11695,72.15500,72.15500,1.00000,43.00000,5.00000,9.00000,0.00000,0.00000,0.00000,495.00000,0.00000
58.82800,59.11800,80.98000,80.98000,1.00000,43.00000,5.00000,9.00000,NaN,0.00000,0.00000,496.00000,0.00000
59.11695,59.35601,72.14500,72.14500,1.00000,43.00000,3.00000,3.00000,-1.00000,0.00000,0.00000,497.00000,0.00000
59.13783,59.23410,83.30000,83.30000,1.00000,43.00000,3.00000,3.00000,NaN,0.00000,0.00000,498.00000,0.00000
59.22415,59.29215,84.64000,84.64000,1.00000,43.00000,3.00000,3.00000,1.00000,0.00000,0.00000,499.00000,0.00000
59.26563,59.46630,82.99000,82.99000,1.00000,43.00000,3.00000,3.00000,2.00000,0.00000,0.00000,500.00000,0.00000
59.47457,59.77397,80.94000,80.94000,1.00000,43.00000,6.00000,6.00000,NaN,0.00000,0.00000,501.00000,0.00000
59.47458,59.66948,72.14000,72.14000,1.00000,43.00000,6.00000,6.00000,0.00000,0.00000,0.00000,502.00000,0.00000
59.62005,59.80299,76.77000,76.77000,1.00000,44.00000,1.00000,3.00000,NaN,0.00000,0.00000,503.00000,0.00000
59.81298,59.95973,72.11000,72.11000,1.00000,44.00000,2.00000,6.00000,0.00000,0.00000,0.00000,504.00000,0.00000
59.81515,60.12807,78.98000,78.98000,1.00000,44.00000,2.00000,6.00000,NaN,0.00000,0.00000,505.00000,0.00000
59.93910,60.13968,75.92000,75.92000,1.00000,44.00000,2.00000,3.00000,NaN,0.00000,0.00000,506.00000,0.00000
60.12898,60.37188,78.99000,78.99000,1.00000,44.00000,4.00000,6.00000,0.00000,0.00000,0.00000,507.00000,0.00000
60.14592,60.41832,72.02000,72.02000,1.00000,44.00000,4.00000,6.00000,NaN,0.00000,0.00000,508.00000,0.00000
60.43118,60.60408,70.88000,70.88000,1.00000,44.00000,3.00000,3.00000,NaN,0.00000,0.00000,510.00000,0.00000
60.61642,60.91755,74.12000,74.12000,1.00000,44.00000,6.00000,6.00000,NaN,0.00000,0.00000,511.00000,0.00000
60.61745,60.95238,78.97000,78.97000,1.00000,44.00000,6.00000,6.00000,0.00000,0.00000,0.00000,512.00000,0.00000
60.94656,61.47585,60.00000,60.00000,1.00000,45.00000,1.00000,3.00000,0.00000,0.00000,0.00000,513.00000,0.00000
60.95755,61.12073,70.96000,70.96000,1.00000,45.00000,1.00000,3.00000,NaN,0.00000,0.00000,514.00000,0.00000
61.11591,61.47483,72.20000,72.20000,1.00000,45.00000,1.00000,3.00000,1.00000,0.00000,0.00000,515.00000,0.00000
61.47585,61.55610,60.01000,60.01000,1.00000,45.00000,3.00000,6.00000,0.00000,0.00000,0.00000,516.00000,0.00000
61.48293,61.78830,74.10000,74.10000,1.00000,45.00000,3.00000,6.00000,NaN,0.00000,0.00000,517.00000,0.00000
61.48503,62.09683,78.96000,78.96000,1.00000,45.00000,3.00000,6.00000,0.00000,0.00000,0.00000,518.00000,0.00000
61.78631,61.83474,75.62000,75.62000,1.00000,45.00000,3.00000,3.00000,0.00000,0.00000,0.00000,519.00000,0.00000
61.83274,61.87949,74.21500,74.21500,1.00000,45.00000,3.00000,3.00000,1.00000,0.00000,0.00000,520.00000,0.00000
61.87841,62.09016,76.03000,76.03000,1.00000,45.00000,3.00000,3.00000,2.00000,0.00000,0.00000,521.00000,0.00000
62.09683,62.31075,78.97000,78.97000,1.00000,45.00000,6.00000,6.00000,0.00000,0.00000,0.00000,522.00000,0.00000
62.10976,62.32167,74.13000,74.13000,1.00000,45.00000,6.00000,6.00000,NaN,0.00000,0.00000,523.00000,0.00000
62.32835,62.51392,71.07000,71.07000,1.00000,46.00000,1.00000,3.00000,0.00000,0.00000,0.00000,525.00000,0.00000
62.51835,62.71718,72.06000,72.06000,1.00000,46.00000,2.00000,6.00000,0.00000,0.00000,0.00000,526.00000,0.00000
62.51905,62.76354,79.00000,79.00000,1.00000,46.00000,2.00000,6.00000,0.00000,0.00000,0.00000,527.00000,0.00000
62.71718,62.97736,71.95500,71.95500,1.00000,46.00000,2.00000,3.00000,0.00000,0.00000,0.00000,528.00000,0.00000
62.73391,62.79533,68.69000,68.69000,1.00000,46.00000,2.00000,3.00000,0.00000,0.00000,0.00000,529.00000,0.00000
62.77253,62.83900,68.22000,68.22000,1.00000,46.00000,2.00000,3.00000,1.00000,0.00000,0.00000,530.00000,0.00000
62.79533,63.00154,68.86000,68.86000,1.00000,46.00000,2.00000,3.00000,2.00000,0.00000,0.00000,531.00000,0.00000
62.97736,63.22272,72.10000,72.10000,1.00000,46.00000,4.00000,6.00000,-1.00000,0.00000,0.00000,532.00000,0.00000
63.00461,63.12925,64.79000,64.79000,1.00000,46.00000,4.00000,6.00000,0.00000,0.00000,0.00000,533.00000,0.00000
63.11786,63.22794,69.32000,69.32000,1.00000,46.00000,8.00000,12.00000,0.00000,0.00000,0.00000,534.00000,0.00000
63.22272,63.34984,71.96000,71.96000,1.00000,46.00000,3.00000,3.00000,0.00000,0.00000,0.00000,535.00000,0.00000
63.23179,63.35543,67.11500,67.11500,1.00000,46.00000,3.00000,3.00000,0.00000,0.00000,0.00000,536.00000,0.00000
63.36106,63.43111,63.88000,63.88000,1.00000,46.00000,8.00000,9.00000,0.00000,0.00000,0.00000,538.00000,0.00000
63.44330,63.65751,67.05000,67.05000,1.00000,46.00000,9.00000,9.00000,NaN,0.00000,0.00000,539.00000,0.00000
63.45060,63.66331,72.00000,72.00000,1.00000,46.00000,9.00000,9.00000,0.00000,0.00000,0.00000,540.00000,0.00000
63.68761,64.16834,64.89000,64.89000,1.00000,47.00000,1.00000,3.00000,NaN,0.00000,0.00000,541.00000,0.00000
63.71899,63.79102,63.97000,63.97000,1.00000,47.00000,1.00000,3.00000,1.00000,0.00000,0.00000,542.00000,0.00000
63.95918,64.18576,60.04000,60.04000,1.00000,47.00000,3.00000,9.00000,NaN,0.00000,0.00000,543.00000,0.00000
64.17628,64.45649,72.14000,72.14000,1.00000,47.00000,5.00000,9.00000,0.00000,0.00000,0.00000,544.00000,0.00000
64.17812,64.44698,80.97000,80.97000,1.00000,47.00000,5.00000,9.00000,NaN,0.00000,0.00000,545.00000,0.00000
64.45649,64.78415,72.15000,72.15000,1.00000,47.00000,3.00000,3.00000,NaN,0.00000,0.00000,546.00000,0.00000
64.51116,64.57469,82.98000,82.98000,1.00000,47.00000,3.00000,3.00000,1.00000,0.00000,0.00000,547.00000,0.00000
64.57167,64.63274,84.62000,84.62000,1.00000,47.00000,3.00000,3.00000,2.00000,0.00000,0.00000,548.00000,0.00000
64.61860,64.79528,82.98000,82.98000,1.00000,47.00000,3.00000,3.00000,3.00000,0.00000,0.00000,549.00000,0.00000
64.78415,64.99846,72.16000,72.16000,1.00000,47.00000,6.00000,6.00000,0.00000,0.00000,0.00000,550.00000,0.00000
64.79255,65.00070,80.88500,80.88500,1.00000,47.00000,6.00000,6.00000,0.00000,0.00000,0.00000,551.00000,0.00000
65.00060,65.18422,77.13000,77.13000,1.00000,48.00000,1.00000,3.00000,NaN,0.00000,0.00000,552.00000,0.00000
65.00070,65.17261,80.93000,80.93000,1.00000,48.00000,1.00000,3.00000,0.00000,0.00000,0.00000,553.00000,0.00000
65.18955,65.39900,72.12000,72.12000,1.00000,48.00000,2.00000,6.00000,0.00000,0.00000,0.00000,554.00000,0.00000
65.19008,65.36534,79.12000,79.12000,1.00000,48.00000,2.00000,6.00000,0.00000,0.00000,0.00000,555.00000,0.00000
65.36534,65.63623,78.94000,78.94000,1.00000,48.00000,2.00000,3.00000,0.00000,0.00000,0.00000,556.00000,0.00000
65.37370,65.45418,75.52000,75.52000,1.00000,48.00000,2.00000,3.00000,NaN,0.00000,0.00000,557.00000,0.00000
65.39761,65.46866,74.11000,74.11000,1.00000,48.00000,2.00000,3.00000,1.00000,0.00000,0.00000,558.00000,0.00000
65.45418,65.64281,75.98000,75.98000,1.00000,48.00000,2.00000,3.00000,2.00000,0.00000,0.00000,559.00000,0.00000
65.63623,65.77633,79.03500,79.03500,1.00000,48.00000,4.00000,6.00000,0.00000,0.00000,0.00000,560.00000,0.00000
65.64103,65.89243,72.09000,72.09000,1.00000,48.00000,4.00000,6.00000,0.00000,0.00000,0.00000,561.00000,0.00000
65.77830,65.89823,75.85000,75.85000,1.00000,48.00000,8.00000,12.00000,0.00000,0.00000,0.00000,562.00000,0.00000
65.88908,66.03755,78.95000,78.95000,1.00000,48.00000,3.00000,3.00000,0.00000,0.00000,0.00000,563.00000,0.00000
65.89705,66.04336,74.03000,74.03000,1.00000,48.00000,3.00000,3.00000,NaN,0.00000,0.00000,564.00000,0.00000
66.02796,66.11882,70.95000,70.95000,1.00000,48.00000,6.00000,6.00000,0.00000,0.00000,0.00000,565.00000,0.00000
66.10502,66.32200,73.99000,73.99000,1.00000,48.00000,6.00000,6.00000,0.00000,0.00000,0.00000,566.00000,0.00000
66.11953,66.35102,79.00000,79.00000,1.00000,48.00000,6.00000,6.00000,0.00000,0.00000,0.00000,567.00000,0.00000
66.36042,66.54259,71.06000,71.06000,1.00000,49.00000,1.00000,3.00000,NaN,0.00000,0.00000,568.00000,0.00000
66.37685,66.91991,60.01000,60.01000,1.00000,49.00000,1.00000,3.00000,0.00000,0.00000,0.00000,569.00000,0.00000
66.42914,66.53154,72.31000,72.31000,1.00000,49.00000,1.00000,3.00000,1.00000,0.00000,0.00000,570.00000,0.00000
66.53154,66.89088,72.30000,72.30000,1.00000,49.00000,2.00000,9.00000,0.00000,0.00000,0.00000,571.00000,0.00000
66.90130,67.21016,74.09000,74.09000,1.00000,49.00000,4.00000,6.00000,NaN,0.00000,0.00000,572.00000,0.00000
67.20407,67.27401,75.57000,75.57000,1.00000,49.00000,3.00000,3.00000,NaN,0.00000,0.00000,573.00000,0.00000
67.30127,67.50041,75.96000,75.96000,1.00000,49.00000,3.00000,3.00000,1.00000,0.00000,0.00000,574.00000,0.00000
67.50263,67.73841,78.98000,78.98000,1.00000,49.00000,6.00000,6.00000,0.00000,0.00000,0.00000,575.00000,0.00000
67.52240,67.74173,74.12000,74.12000,1.00000,49.00000,6.00000,6.00000,0.00000,0.00000,0.00000,576.00000,0.00000
67.74173,67.91837,74.09000,74.09000,1.00000,50.00000,1.00000,3.00000,0.00000,0.00000,0.00000,577.00000,0.00000
67.74657,67.92417,71.14000,71.14000,1.00000,50.00000,1.00000,3.00000,NaN,0.00000,0.00000,578.00000,0.00000
67.92544,68.14476,79.00000,79.00000,1.00000,50.00000,2.00000,6.00000,0.00000,0.00000,0.00000,579.00000,0.00000
67.92960,68.13775,72.04000,72.04000,1.00000,50.00000,2.00000,6.00000,0.00000,0.00000,0.00000,580.00000,0.00000
68.13775,68.45823,71.94500,71.94500,1.00000,50.00000,2.00000,3.00000,0.00000,0.00000,0.00000,581.00000,0.00000
68.15309,68.20862,68.39000,68.39000,1.00000,50.00000,2.00000,3.00000,NaN,0.00000,0.00000,582.00000,0.00000
68.19825,68.26086,67.04000,67.04000,1.00000,50.00000,2.00000,3.00000,1.00000,0.00000,0.00000,583.00000,0.00000
68.23571,68.44082,68.86000,68.86000,1.00000,50.00000,2.00000,3.00000,2.00000,0.00000,0.00000,584.00000,0.00000
68.43799,68.58014,64.83000,64.83000,1.00000,50.00000,4.00000,6.00000,0.00000,0.00000,0.00000,585.00000,0.00000
68.56943,68.68463,68.89000,68.89000,1.00000,50.00000,8.00000,12.00000,0.00000,0.00000,0.00000,586.00000,0.00000
68.68464,68.82395,67.12000,67.12000,1.00000,50.00000,3.00000,3.00000,NaN,0.00000,0.00000,587.00000,0.00000
68.68496,68.81814,71.97000,71.97000,1.00000,50.00000,3.00000,3.00000,0.00000,0.00000,0.00000,588.00000,0.00000
68.81977,68.90522,63.80000,63.80000,1.00000,50.00000,10.00000,12.00000,0.00000,0.00000,0.00000,589.00000,0.00000
68.89488,69.13741,67.06000,67.06000,1.00000,50.00000,6.00000,6.00000,0.00000,0.00000,0.00000,590.00000,0.00000
68.89702,69.15483,72.00000,72.00000,1.00000,50.00000,6.00000,6.00000,0.00000,0.00000,0.00000,591.00000,0.00000
69.17032,69.46249,64.85000,64.85000,1.00000,51.00000,1.00000,3.00000,NaN,0.00000,0.00000,592.00000,0.00000
69.17918,69.26512,63.93000,63.93000,1.00000,51.00000,1.00000,3.00000,0.00000,0.00000,0.00000,593.00000,0.00000
69.46284,69.69469,64.96000,64.96000,1.00000,51.00000,3.00000,9.00000,0.00000,0.00000,0.00000,594.00000,0.00000
69.46639,69.68889,60.04000,60.04000,1.00000,51.00000,3.00000,9.00000,0.00000,0.00000,0.00000,595.00000,0.00000
69.68925,70.02558,80.94000,80.94000,1.00000,51.00000,5.00000,9.00000,0.00000,0.00000,0.00000,596.00000,0.00000
69.69147,70.01286,72.12000,72.12000,1.00000,51.00000,5.00000,9.00000,0.00000,0.00000,0.00000,597.00000,0.00000
70.01286,70.36388,72.08000,72.08000,1.00000,51.00000,3.00000,3.00000,0.00000,0.00000,0.00000,598.00000,0.00000
70.09187,70.17651,84.58000,84.58000,1.00000,51.00000,10.00000,12.00000,0.00000,0.00000,0.00000,599.00000,0.00000
70.16439,70.37388,82.87000,82.87000,1.00000,51.00000,6.00000,6.00000,0.00000,0.00000,0.00000,600.00000,0.00000
70.36388,70.51320,72.15000,72.15000,1.00000,51.00000,6.00000,6.00000,0.00000,0.00000,0.00000,601.00000,0.00000
70.36681,70.71637,80.91000,80.91000,1.00000,51.00000,6.00000,6.00000,0.00000,0.00000,0.00000,602.00000,0.00000
70.52158,70.71872,76.93000,76.93000,1.00000,52.00000,1.00000,3.00000,0.00000,0.00000,0.00000,603.00000,0.00000
70.71506,70.82086,80.90000,80.90000,1.00000,52.00000,2.00000,6.00000,0.00000,0.00000,0.00000,604.00000,0.00000
70.71872,70.84408,76.78000,76.78000,1.00000,52.00000,2.00000,6.00000,0.00000,0.00000,0.00000,605.00000,0.00000
70.83305,71.04726,78.90000,78.90000,1.00000,52.00000,2.00000,3.00000,0.00000,0.00000,0.00000,606.00000,0.00000
70.86577,71.00082,75.91000,75.91000,1.00000,52.00000,2.00000,3.00000,0.00000,0.00000,0.00000,607.00000,0.00000
71.03417,71.31145,81.02000,81.02000,1.00000,52.00000,4.00000,6.00000,0.00000,0.00000,0.00000,608.00000,0.00000
71.03885,71.31637,73.99000,73.99000,1.00000,52.00000,4.00000,6.00000,0.00000,0.00000,0.00000,609.00000,0.00000
71.31145,71.50585,80.97000,80.97000,1.00000,52.00000,3.00000,3.00000,0.00000,0.00000,0.00000,610.00000,0.00000
71.31637,71.49424,74.00500,74.00500,1.00000,52.00000,3.00000,3.00000,0.00000,0.00000,0.00000,611.00000,0.00000
71.51479,71.81406,79.07000,79.07000,1.00000,52.00000,6.00000,6.00000,0.00000,0.00000,0.00000,612.00000,0.00000
71.81406,72.08054,79.05000,79.05000,1.00000,53.00000,1.00000,3.00000,0.00000,0.00000,0.00000,613.00000,0.00000
72.02337,72.16181,75.76000,75.76000,1.00000,53.00000,2.00000,6.00000,0.00000,0.00000,0.00000,614.00000,0.00000
72.13088,72.34969,79.03000,79.03000,1.00000,53.00000,2.00000,3.00000,0.00000,0.00000,0.00000,615.00000,0.00000
72.14214,72.39982,72.08000,72.08000,1.00000,53.00000,2.00000,3.00000,0.00000,0.00000,0.00000,616.00000,0.00000
72.34969,72.63018,78.99000,78.99000,1.00000,53.00000,4.00000,6.00000,0.00000,0.00000,0.00000,617.00000,0.00000
72.35461,72.71329,74.06000,74.06000,1.00000,53.00000,4.00000,6.00000,0.00000,0.00000,0.00000,618.00000,0.00000
72.63018,72.92882,79.00000,79.00000,1.00000,53.00000,3.00000,3.00000,0.00000,0.00000,0.00000,619.00000,0.00000
72.63727,72.72643,75.36000,75.36000,1.00000,53.00000,3.00000,3.00000,0.00000,0.00000,0.00000,620.00000,0.00000
72.72643,72.92807,75.82000,75.82000,1.00000,53.00000,10.00000,12.00000,0.00000,0.00000,0.00000,621.00000,0.00000
72.92882,73.16027,79.01000,79.01000,1.00000,53.00000,6.00000,6.00000,0.00000,0.00000,0.00000,622.00000,0.00000
72.95029,73.16796,74.12000,74.12000,1.00000,53.00000,6.00000,6.00000,0.00000,0.00000,0.00000,623.00000,0.00000
73.16796,73.34603,74.07000,74.07000,1.00000,54.00000,1.00000,3.00000,0.00000,0.00000,0.00000,624.00000,0.00000
73.17253,73.33442,71.00000,71.00000,1.00000,54.00000,1.00000,3.00000,0.00000,0.00000,0.00000,625.00000,0.00000
73.36065,73.63048,79.02000,79.02000,1.00000,54.00000,2.00000,6.00000,0.00000,0.00000,0.00000,626.00000,0.00000
73.36252,73.54805,72.01000,72.01000,1.00000,54.00000,2.00000,6.00000,0.00000,0.00000,0.00000,627.00000,0.00000
73.54805,73.81936,71.99500,71.99500,1.00000,54.00000,2.00000,3.00000,0.00000,0.00000,0.00000,628.00000,0.00000
73.56810,73.66102,68.54000,68.54000,1.00000,54.00000,2.00000,3.00000,1.00000,0.00000,0.00000,629.00000,0.00000
73.60636,73.66531,67.23000,67.23000,1.00000,54.00000,2.00000,3.00000,2.00000,0.00000,0.00000,630.00000,0.00000
73.66102,73.83365,68.84000,68.84000,1.00000,54.00000,2.00000,3.00000,3.00000,0.00000,0.00000,631.00000,0.00000
73.81936,73.97297,72.12000,72.12000,1.00000,54.00000,4.00000,6.00000,0.00000,0.00000,0.00000,632.00000,0.00000
73.83356,73.96717,64.93500,64.93500,1.00000,54.00000,4.00000,6.00000,0.00000,0.00000,0.00000,633.00000,0.00000
73.97051,74.07166,68.91000,68.91000,1.00000,54.00000,8.00000,12.00000,NaN,0.00000,0.00000,634.00000,0.00000
74.06792,74.28327,67.05000,67.05000,1.00000,54.00000,3.00000,3.00000,NaN,0.00000,0.00000,635.00000,0.00000
74.06876,74.21098,71.96000,71.96000,1.00000,54.00000,3.00000,3.00000,NaN,0.00000,0.00000,636.00000,0.00000
74.19540,74.33419,60.06782,60.06782,1.00000,54.00000,6.00000,6.00000,0.00000,0.00000,0.00000,637.00000,0.00000
74.28327,74.50703,67.04000,67.04000,1.00000,54.00000,6.00000,6.00000,0.00000,0.00000,0.00000,638.00000,0.00000
74.54011,75.03528,64.95000,64.95000,1.00000,55.00000,1.00000,3.00000,0.00000,0.00000,0.00000,639.00000,0.00000
74.56888,74.62893,64.04500,64.04500,1.00000,55.00000,1.00000,3.00000,1.00000,0.00000,0.00000,640.00000,0.00000
74.82668,75.04109,60.04000,60.04000,1.00000,55.00000,3.00000,9.00000,0.00000,0.00000,0.00000,641.00000,0.00000
75.04293,75.37197,80.98000,80.98000,1.00000,55.00000,5.00000,9.00000,0.00000,0.00000,0.00000,642.00000,0.00000
75.04997,75.35665,72.14000,72.14000,1.00000,55.00000,5.00000,9.00000,0.00000,0.00000,0.00000,643.00000,0.00000
75.35665,75.71447,72.14000,72.14000,1.00000,55.00000,3.00000,3.00000,0.00000,0.00000,0.00000,644.00000,0.00000
75.38961,75.47066,83.08000,83.08000,1.00000,55.00000,3.00000,3.00000,1.00000,0.00000,0.00000,645.00000,0.00000
75.46181,75.55193,84.67000,84.67000,1.00000,55.00000,10.00000,12.00000,0.00000,0.00000,0.00000,646.00000,0.00000
75.53800,75.70286,83.06000,83.06000,1.00000,55.00000,6.00000,6.00000,0.00000,0.00000,0.00000,647.00000,0.00000
75.71225,76.15565,80.90000,80.90000,1.00000,55.00000,6.00000,6.00000,0.00000,0.00000,0.00000,648.00000,0.00000
75.71702,75.85379,72.14000,72.14000,1.00000,55.00000,6.00000,6.00000,0.00000,0.00000,0.00000,649.00000,0.00000
75.85421,76.07486,77.08000,77.08000,1.00000,56.00000,1.00000,3.00000,0.00000,0.00000,0.00000,650.00000,0.00000
76.07486,76.20789,77.19000,77.19000,1.00000,56.00000,2.00000,6.00000,0.00000,0.00000,0.00000,651.00000,0.00000
76.18319,76.38204,78.92000,78.92000,1.00000,56.00000,2.00000,3.00000,0.00000,0.00000,0.00000,652.00000,0.00000
76.21796,76.37043,75.95500,75.95500,1.00000,56.00000,2.00000,3.00000,1.00000,0.00000,0.00000,653.00000,0.00000
76.38018,76.64487,80.93000,80.93000,1.00000,56.00000,4.00000,6.00000,0.00000,0.00000,0.00000,654.00000,0.00000
76.38492,76.64390,73.95000,73.95000,1.00000,56.00000,4.00000,6.00000,0.00000,0.00000,0.00000,655.00000,0.00000
76.64390,76.81161,73.94000,73.94000,1.00000,56.00000,3.00000,3.00000,0.00000,0.00000,0.00000,656.00000,0.00000
76.64487,76.82322,80.93000,80.93000,1.00000,56.00000,3.00000,3.00000,0.00000,0.00000,0.00000,657.00000,0.00000
76.83466,77.11288,79.08000,79.08000,1.00000,56.00000,6.00000,6.00000,0.00000,0.00000,0.00000,658.00000,0.00000
77.11288,77.42113,79.01000,79.01000,1.00000,57.00000,1.00000,3.00000,0.00000,0.00000,0.00000,659.00000,0.00000
77.31274,77.46177,75.84000,75.84000,1.00000,57.00000,2.00000,6.00000,0.00000,0.00000,0.00000,660.00000,0.00000
77.45613,77.65914,72.07000,72.07000,1.00000,57.00000,2.00000,3.00000,0.00000,0.00000,0.00000,661.00000,0.00000
77.64943,78.22803,79.01000,79.01000,1.00000,57.00000,4.00000,6.00000,0.00000,0.00000,0.00000,662.00000,0.00000
77.65533,77.93197,74.10000,74.10000,1.00000,57.00000,4.00000,6.00000,0.00000,0.00000,0.00000,663.00000,0.00000
77.93504,78.03744,75.66500,75.66500,1.00000,57.00000,3.00000,3.00000,0.00000,0.00000,0.00000,664.00000,0.00000
78.03744,78.24544,75.87000,75.87000,1.00000,57.00000,10.00000,12.00000,0.00000,0.00000,0.00000,665.00000,0.00000
78.24821,78.45442,78.99000,78.99000,1.00000,57.00000,6.00000,6.00000,0.00000,0.00000,0.00000,666.00000,0.00000
78.25858,78.46752,74.13000,74.13000,1.00000,57.00000,6.00000,6.00000,0.00000,0.00000,0.00000,667.00000,0.00000
78.46728,78.64599,71.10000,71.10000,1.00000,58.00000,1.00000,3.00000,0.00000,0.00000,0.00000,668.00000,0.00000
78.46752,78.65179,74.09500,74.09500,1.00000,58.00000,1.00000,3.00000,0.00000,0.00000,0.00000,669.00000,0.00000
78.65593,78.90141,79.03000,79.03000,1.00000,58.00000,2.00000,6.00000,0.00000,0.00000,0.00000,670.00000,0.00000
78.65880,78.85125,72.05000,72.05000,1.00000,58.00000,2.00000,6.00000,0.00000,0.00000,0.00000,671.00000,0.00000
78.84799,78.96665,68.40000,68.40000,1.00000,58.00000,2.00000,3.00000,0.00000,0.00000,0.00000,672.00000,0.00000
78.85125,79.11889,71.97000,71.97000,1.00000,58.00000,2.00000,3.00000,0.00000,0.00000,0.00000,673.00000,0.00000
78.90219,78.97107,67.05000,67.05000,1.00000,58.00000,2.00000,3.00000,1.00000,0.00000,0.00000,674.00000,0.00000
78.96665,79.13361,68.84000,68.84000,1.00000,58.00000,2.00000,3.00000,2.00000,0.00000,0.00000,675.00000,0.00000
79.11889,79.37353,72.11000,72.11000,1.00000,58.00000,4.00000,6.00000,0.00000,0.00000,0.00000,676.00000,0.00000
79.13453,79.27293,64.89000,64.89000,1.00000,58.00000,4.00000,6.00000,0.00000,0.00000,0.00000,677.00000,0.00000
79.26515,79.38322,69.03500,69.03500,1.00000,58.00000,3.00000,3.00000,0.00000,0.00000,0.00000,678.00000,0.00000
79.37353,79.51093,71.97000,71.97000,1.00000,58.00000,10.00000,12.00000,0.00000,0.00000,0.00000,679.00000,0.00000
79.37425,79.52254,67.02000,67.02000,1.00000,58.00000,10.00000,12.00000,0.00000,0.00000,0.00000,680.00000,0.00000
79.50874,79.59800,63.69500,63.69500,1.00000,58.00000,6.00000,6.00000,0.00000,0.00000,0.00000,681.00000,0.00000
79.61070,79.79537,66.95500,66.95500,1.00000,58.00000,6.00000,6.00000,0.00000,0.00000,0.00000,682.00000,0.00000
79.80897,79.85287,63.56000,63.56000,1.00000,59.00000,1.00000,3.00000,0.00000,0.00000,0.00000,683.00000,0.00000
79.82346,80.15468,64.93000,64.93000,1.00000,59.00000,1.00000,3.00000,0.00000,0.00000,0.00000,684.00000,0.00000
79.85287,79.91147,64.07000,64.07000,1.00000,59.00000,1.00000,3.00000,1.00000,0.00000,0.00000,685.00000,0.00000
80.14782,80.32943,68.86000,68.86000,1.00000,59.00000,2.00000,3.00000,0.00000,0.00000,0.00000,686.00000,0.00000
80.15468,80.59066,64.95000,64.95000,1.00000,59.00000,2.00000,3.00000,0.00000,0.00000,0.00000,687.00000,0.00000
80.33445,80.60807,60.05000,60.05000,1.00000,59.00000,4.00000,6.00000,0.00000,0.00000,0.00000,688.00000,0.00000
80.61505,81.16711,72.24000,72.24000,1.00000,59.00000,3.00000,3.00000,0.00000,0.00000,0.00000,689.00000,0.00000
80.62588,80.74159,83.29000,83.29000,1.00000,59.00000,3.00000,3.00000,0.00000,0.00000,0.00000,690.00000,0.00000
80.76953,80.82286,84.45000,84.45000,1.00000,59.00000,6.00000,6.00000,0.00000,0.00000,0.00000,691.00000,0.00000
80.82053,80.95637,83.06000,83.06000,1.00000,59.00000,6.00000,6.00000,1.00000,0.00000,0.00000,692.00000,0.00000
80.96331,81.15374,80.86000,80.86000,1.00000,59.00000,6.00000,6.00000,0.00000,0.00000,0.00000,693.00000,0.00000
81.16648,81.32789,79.08000,79.08000,1.00000,60.00000,1.00000,3.00000,0.00000,0.00000,0.00000,694.00000,0.00000
81.16711,81.33370,72.15000,72.15000,1.00000,60.00000,1.00000,3.00000,0.00000,0.00000,0.00000,695.00000,0.00000
81.32363,81.55506,64.89000,64.89000,1.00000,60.00000,2.00000,6.00000,0.00000,0.00000,0.00000,696.00000,0.00000
81.41579,81.62975,76.03500,76.03500,1.00000,60.00000,3.00000,9.00000,0.00000,0.00000,0.00000,697.00000,0.00000
81.55506,81.96238,64.98000,64.98000,1.00000,60.00000,4.00000,6.00000,0.00000,0.00000,0.00000,698.00000,0.00000
81.71282,82.21025,77.10000,77.10000,1.00000,60.00000,5.00000,9.00000,0.00000,0.00000,0.00000,699.00000,0.00000
81.96238,82.19283,65.01000,65.01000,1.00000,60.00000,3.00000,3.00000,0.00000,0.00000,0.00000,700.00000,0.00000
82.20635,82.50050,80.98000,80.98000,1.00000,60.00000,6.00000,6.00000,0.00000,0.00000,0.00000,701.00000,0.00000
82.21273,82.48889,76.89500,76.89500,1.00000,60.00000,6.00000,6.00000,0.00000,0.00000,0.00000,702.00000,0.00000
82.49668,82.74666,72.06000,72.06000,1.00000,61.00000,1.00000,3.00000,0.00000,0.00000,0.00000,703.00000,0.00000
82.49829,82.75592,79.03000,79.03000,1.00000,61.00000,1.00000,3.00000,0.00000,0.00000,0.00000,704.00000,0.00000
82.74475,82.91319,68.91500,68.91500,1.00000,61.00000,4.00000,12.00000,NaN,0.00000,0.00000,705.00000,0.00000
82.74666,82.90338,72.08500,72.08500,1.00000,61.00000,4.00000,12.00000,NaN,0.00000,0.00000,706.00000,0.00000
82.90338,83.28504,72.04000,72.04000,1.00000,61.00000,2.00000,3.00000,NaN,0.00000,0.00000,707.00000,0.00000
82.91319,83.02295,68.84000,68.84000,1.00000,61.00000,2.00000,3.00000,0.00000,0.00000,0.00000,708.00000,0.00000
83.01253,83.29578,64.95000,64.95000,1.00000,61.00000,4.00000,6.00000,NaN,0.00000,0.00000,709.00000,0.00000
83.28504,83.72535,72.09000,72.09000,1.00000,61.00000,3.00000,3.00000,NaN,0.00000,0.00000,710.00000,0.00000
83.30492,83.35964,81.97000,81.97000,1.00000,61.00000,3.00000,3.00000,0.00000,0.00000,0.00000,711.00000,0.00000
83.36061,83.76018,80.93984,80.93984,1.00000,61.00000,3.00000,3.00000,1.00000,0.00000,0.00000,712.00000,0.00000
83.76439,83.90531,75.91000,75.91000,1.00000,62.00000,1.00000,3.00000,0.00000,0.00000,0.00000,713.00000,0.00000
83.76669,84.13170,65.01000,65.01000,1.00000,62.00000,1.00000,3.00000,0.00000,0.00000,0.00000,714.00000,0.00000
84.13324,84.27683,81.02000,81.02000,1.00000,62.00000,2.00000,6.00000,0.00000,0.00000,0.00000,715.00000,0.00000
84.13813,84.27910,72.05000,72.05000,1.00000,62.00000,2.00000,6.00000,0.00000,0.00000,0.00000,716.00000,0.00000
84.27065,84.50500,79.07000,79.07000,1.00000,62.00000,2.00000,3.00000,0.00000,0.00000,0.00000,717.00000,0.00000
84.27910,84.50902,72.09000,72.09000,1.00000,62.00000,2.00000,3.00000,0.00000,0.00000,0.00000,718.00000,0.00000
84.50500,84.80181,78.97000,78.97000,1.00000,62.00000,4.00000,6.00000,0.00000,0.00000,0.00000,720.00000,0.00000
84.51831,84.59029,75.85500,75.85500,1.00000,62.00000,4.00000,6.00000,0.00000,0.00000,0.00000,721.00000,0.00000
84.57537,84.66175,77.43670,77.43670,0.00000,62.00000,4.00000,6.00000,1.00000,0.00000,0.00000,722.00000,0.00000
84.65642,84.79927,75.91000,75.91000,1.00000,62.00000,3.00000,3.00000,0.00000,0.00000,0.00000,723.00000,0.00000
84.80181,85.02567,79.01000,79.01000,1.00000,62.00000,6.00000,6.00000,0.00000,0.00000,0.00000,724.00000,0.00000
84.81333,85.00825,74.08000,74.08000,1.00000,62.00000,6.00000,6.00000,0.00000,0.00000,0.00000,725.00000,0.00000
85.01094,85.18821,72.09000,72.09000,1.00000,63.00000,1.00000,3.00000,0.00000,0.00000,0.00000,726.00000,0.00000
85.18030,85.25167,67.03000,67.03000,1.00000,63.00000,2.00000,6.00000,0.00000,0.00000,0.00000,727.00000,0.00000
85.25167,85.47846,67.03000,67.03000,1.00000,63.00000,2.00000,6.00000,0.00000,0.00000,0.00000,728.00000,0.00000
85.25849,85.49007,76.04000,76.04000,1.00000,63.00000,2.00000,6.00000,0.00000,0.00000,0.00000,729.00000,0.00000
85.47643,85.86159,64.96000,64.96000,1.00000,63.00000,2.00000,3.00000,0.00000,0.00000,0.00000,730.00000,0.00000
85.86116,85.90803,66.59500,66.59500,1.00000,63.00000,3.00000,3.00000,0.00000,0.00000,0.00000,731.00000,0.00000
85.88571,85.94286,65.10000,65.10000,1.00000,63.00000,3.00000,3.00000,1.00000,0.00000,0.00000,732.00000,0.00000
85.92308,86.01252,66.83000,66.83000,1.00000,63.00000,3.00000,3.00000,2.00000,0.00000,0.00000,733.00000,0.00000
85.98800,86.29090,64.98000,64.98000,1.00000,63.00000,3.00000,3.00000,3.00000,0.00000,0.00000,734.00000,0.00000
86.29000,86.62600,72.07000,72.07000,1.00000,64.00000,1.00000,3.00000,0.00000,0.00000,0.00000,735.00000,0.00000
86.29090,86.62204,65.01000,65.01000,1.00000,64.00000,1.00000,3.00000,0.00000,0.00000,0.00000,736.00000,0.00000
86.62600,87.15029,72.04000,72.04000,1.00000,64.00000,2.00000,6.00000,0.00000,0.00000,0.00000,737.00000,0.00000
86.63406,86.75831,68.86500,68.86500,1.00000,64.00000,2.00000,6.00000,0.00000,0.00000,0.00000,738.00000,0.00000
86.75831,86.88327,68.75500,68.75500,1.00000,64.00000,2.00000,3.00000,0.00000,0.00000,0.00000,739.00000,0.00000
86.89717,87.19093,64.96000,64.96000,1.00000,64.00000,4.00000,6.00000,0.00000,0.00000,0.00000,740.00000,0.00000
87.14955,87.53923,72.08000,72.08000,1.00000,64.00000,3.00000,3.00000,0.00000,0.00000,0.00000,741.00000,0.00000
87.15037,87.29542,82.96000,82.96000,1.00000,64.00000,3.00000,3.00000,0.00000,0.00000,0.00000,742.00000,0.00000
87.15515,87.27220,81.93000,81.93000,1.00000,64.00000,3.00000,3.00000,0.00000,0.00000,0.00000,743.00000,0.00000
87.27790,87.57406,80.86000,80.86000,1.00000,64.00000,6.00000,6.00000,0.00000,0.00000,0.00000,744.00000,0.00000
87.57655,87.70177,76.04000,76.04000,1.00000,65.00000,1.00000,3.00000,0.00000,0.00000,0.00000,745.00000,0.00000
87.60761,87.95138,65.02000,65.02000,1.00000,65.00000,1.00000,3.00000,1.00000,0.00000,0.00000,746.00000,0.00000
87.92011,88.29504,72.09000,72.09000,1.00000,65.00000,2.00000,3.00000,0.00000,0.00000,0.00000,747.00000,0.00000
87.92342,88.21841,80.93000,80.93000,1.00000,65.00000,2.00000,3.00000,0.00000,0.00000,0.00000,748.00000,0.00000
88.14676,88.32290,85.94000,85.94000,1.00000,65.00000,4.00000,6.00000,0.00000,0.00000,0.00000,749.00000,0.00000
88.29504,88.63781,71.99000,71.99000,1.00000,65.00000,4.00000,6.00000,0.00000,0.00000,0.00000,750.00000,0.00000
88.31254,88.45642,83.17000,83.17000,1.00000,65.00000,4.00000,6.00000,0.00000,0.00000,0.00000,751.00000,0.00000
88.46041,88.70023,78.99000,78.99000,1.00000,65.00000,3.00000,3.00000,0.00000,0.00000,0.00000,752.00000,0.00000
88.63781,88.77569,72.05000,72.05000,1.00000,65.00000,6.00000,6.00000,0.00000,0.00000,0.00000,753.00000,0.00000
88.92580,89.08336,65.02000,65.02000,1.00000,66.00000,1.00000,3.00000,0.00000,0.00000,0.00000,755.00000,0.00000
88.92725,89.07755,77.04000,77.04000,1.00000,66.00000,1.00000,3.00000,0.00000,0.00000,0.00000,756.00000,0.00000
89.08274,89.18785,75.97000,75.97000,1.00000,66.00000,2.00000,6.00000,0.00000,0.00000,0.00000,757.00000,0.00000
89.19963,89.32717,73.92000,73.92000,1.00000,66.00000,2.00000,6.00000,0.00000,0.00000,0.00000,758.00000,0.00000
89.33766,89.55937,72.06500,72.06500,1.00000,66.00000,2.00000,6.00000,0.00000,0.00000,0.00000,759.00000,0.00000
89.49477,89.57098,73.91000,73.91000,1.00000,66.00000,2.00000,6.00000,0.00000,0.00000,0.00000,760.00000,0.00000
89.59377,89.72771,76.03000,76.03000,1.00000,66.00000,2.00000,6.00000,0.00000,0.00000,0.00000,761.00000,0.00000
89.60398,89.72866,64.92000,64.92000,1.00000,66.00000,2.00000,6.00000,0.00000,0.00000,0.00000,762.00000,0.00000
89.72866,89.87283,64.99000,64.99000,1.00000,66.00000,2.00000,6.00000,0.00000,0.00000,0.00000,763.00000,0.00000
89.84986,89.96571,79.00000,79.00000,1.00000,66.00000,2.00000,6.00000,0.00000,0.00000,0.00000,764.00000,0.00000
89.85490,89.95180,72.07500,72.07500,1.00000,66.00000,2.00000,6.00000,0.00000,0.00000,0.00000,765.00000,0.00000
89.94730,90.16308,80.91000,80.91000,1.00000,66.00000,2.00000,3.00000,0.00000,0.00000,0.00000,766.00000,0.00000
89.95180,90.16308,72.10000,72.10000,1.00000,66.00000,2.00000,3.00000,0.00000,0.00000,0.00000,767.00000,0.00000
