2.03928,2.43958,72.01000,1.00000,1.00000,3.00000,0.00000
2.05716,2.87347,64.97000,1.00000,1.00000,3.00000,NaN
2.87867,3.07252,72.01000,1.00000,4.00000,12.00000,0.00000
2.88399,3.08035,68.84000,1.00000,4.00000,12.00000,NaN
3.07252,3.30261,71.96000,1.00000,2.00000,3.00000,0.00000
3.08035,3.19274,68.82000,1.00000,2.00000,3.00000,NaN
3.25333,3.58168,64.91000,1.00000,4.00000,6.00000,NaN
3.30261,3.56475,71.99000,1.00000,4.00000,6.00000,1.00000
3.56475,4.11574,72.05000,1.00000,3.00000,3.00000,NaN
3.57092,4.09832,80.90000,1.00000,3.00000,3.00000,NaN
4.10975,4.24925,76.06000,2.00000,1.00000,3.00000,0.00000
4.12037,4.56853,65.00000,2.00000,1.00000,3.00000,NaN
4.23508,4.57433,77.26500,2.00000,1.00000,3.00000,1.00000
4.57304,4.70946,72.03000,2.00000,4.00000,12.00000,0.00000
4.57454,4.71946,81.01000,2.00000,4.00000,12.00000,0.00000
4.70919,4.96710,79.07500,2.00000,2.00000,3.00000,NaN
4.70946,4.99229,72.00000,2.00000,2.00000,3.00000,0.00000
4.96710,5.32519,78.95000,2.00000,8.00000,12.00000,-1.00000
5.00284,5.06776,75.88000,2.00000,8.00000,12.00000,0.00000
5.13069,5.31737,75.89000,2.00000,3.00000,3.00000,NaN
5.32519,5.52054,78.97000,2.00000,6.00000,6.00000,0.00000
5.33069,5.52635,74.07000,2.00000,6.00000,6.00000,NaN
5.52685,5.71211,72.05000,3.00000,1.00000,3.00000,NaN
5.68295,5.76064,67.08000,3.00000,2.00000,6.00000,NaN
5.76842,6.03138,76.03500,3.00000,4.00000,12.00000,NaN
6.00605,6.39209,64.95000,3.00000,2.00000,3.00000,NaN
6.06548,6.11846,76.00000,3.00000,2.00000,3.00000,1.00000
6.39209,6.52240,64.99000,3.00000,3.00000,3.00000,-1.00000
6.39843,6.78023,77.01000,3.00000,3.00000,3.00000,-1.00000
6.45585,6.52481,66.73000,3.00000,3.00000,3.00000,0.00000
6.45858,6.53061,65.79000,3.00000,3.00000,3.00000,NaN
6.52240,6.84408,64.93500,3.00000,3.00000,3.00000,1.00000
6.82577,7.15935,72.06000,4.00000,1.00000,3.00000,NaN
6.84475,7.17497,65.00000,4.00000,1.00000,3.00000,0.00000
7.15935,7.28231,72.06000,4.00000,4.00000,12.00000,0.00000
7.16335,7.29166,68.87000,4.00000,4.00000,12.00000,0.00000
7.28231,7.71392,71.99000,4.00000,2.00000,3.00000,0.00000
7.29166,7.41297,68.88000,4.00000,2.00000,3.00000,NaN
7.43358,7.72063,64.96000,4.00000,4.00000,6.00000,0.00000
7.71392,8.20825,72.06000,4.00000,3.00000,3.00000,0.00000
7.71525,7.76707,82.06500,4.00000,3.00000,3.00000,NaN
7.75714,7.81351,81.01000,4.00000,3.00000,3.00000,1.00000
7.80068,7.85995,82.68000,4.00000,3.00000,3.00000,2.00000
7.84127,7.92381,81.01000,4.00000,3.00000,3.00000,3.00000
8.19921,8.32435,75.94000,5.00000,1.00000,3.00000,NaN
8.21236,8.57977,64.97000,5.00000,1.00000,3.00000,0.00000
8.56601,8.71909,80.97000,5.00000,4.00000,12.00000,0.00000
8.56987,8.71531,72.04000,5.00000,4.00000,12.00000,0.00000
8.71531,8.99193,72.03000,5.00000,2.00000,3.00000,0.00000
8.72050,8.96492,79.07000,5.00000,2.00000,3.00000,NaN
8.96492,9.30540,78.96000,5.00000,8.00000,12.00000,-1.00000
9.00559,9.05578,75.84000,5.00000,8.00000,12.00000,0.00000
9.12432,9.29379,75.91000,5.00000,3.00000,3.00000,NaN
9.30969,9.46213,74.00000,5.00000,6.00000,6.00000,0.00000
9.47297,9.64789,72.06000,6.00000,1.00000,3.00000,NaN
9.64346,9.71766,67.03000,6.00000,2.00000,6.00000,0.00000
9.64625,9.69406,74.11266,6.00000,2.00000,6.00000,0.00000
9.70973,9.90619,76.02000,6.00000,2.00000,6.00000,1.00000
9.71766,9.92653,67.04000,6.00000,2.00000,6.00000,1.00000
9.90619,9.97297,76.04000,6.00000,2.00000,3.00000,-1.00000
9.92967,10.30966,64.94000,6.00000,2.00000,3.00000,NaN
10.28632,10.46059,66.85000,6.00000,3.00000,3.00000,NaN
10.73912,11.04639,72.06500,7.00000,1.00000,3.00000,NaN
10.75555,11.05270,65.00000,7.00000,1.00000,3.00000,0.00000
11.04639,11.57515,72.01000,7.00000,4.00000,12.00000,0.00000
11.05772,11.18075,68.85500,7.00000,4.00000,12.00000,0.00000
11.18075,11.32553,68.86000,7.00000,2.00000,3.00000,NaN
11.32973,11.62159,64.96000,7.00000,4.00000,6.00000,0.00000
11.61020,12.13823,72.01000,7.00000,3.00000,3.00000,0.00000
11.61568,11.67383,82.66000,7.00000,3.00000,3.00000,NaN
11.67122,11.72027,81.26000,7.00000,3.00000,3.00000,1.00000
11.70620,11.76091,82.79000,7.00000,3.00000,3.00000,2.00000
11.75617,12.06277,80.91000,7.00000,3.00000,3.00000,3.00000
12.06708,12.20789,75.93000,8.00000,1.00000,3.00000,NaN
12.06928,12.44590,64.99000,8.00000,1.00000,3.00000,0.00000
12.42021,12.69551,81.00000,8.00000,2.00000,3.00000,NaN
12.42066,12.81030,72.06000,8.00000,2.00000,3.00000,0.00000
12.65085,12.82902,86.11000,8.00000,5.00000,9.00000,0.00000
12.79237,12.96254,83.01000,8.00000,6.00000,9.00000,0.00000
12.81030,13.27020,71.97000,8.00000,6.00000,9.00000,0.00000
12.95912,13.15410,78.98000,8.00000,3.00000,3.00000,NaN
13.14149,13.23100,84.10404,8.00000,8.00000,9.00000,0.00000
13.24140,13.42113,80.90000,8.00000,9.00000,9.00000,0.00000
13.43304,13.58948,76.89000,9.00000,1.00000,3.00000,NaN
13.59451,13.71138,75.90000,9.00000,2.00000,9.00000,0.00000
13.70875,13.91456,80.90000,9.00000,3.00000,9.00000,0.00000
13.70946,13.85070,73.89000,9.00000,3.00000,9.00000,0.00000
13.86176,14.01905,72.06500,9.00000,2.00000,3.00000,NaN
14.01134,14.09451,73.92000,9.00000,5.00000,9.00000,0.00000
14.09286,14.25705,75.98000,9.00000,6.00000,9.00000,0.00000
14.24911,14.39057,76.92000,9.00000,3.00000,3.00000,NaN
14.38536,14.48925,78.97000,9.00000,8.00000,9.00000,0.00000
14.40160,14.48199,71.98000,9.00000,8.00000,9.00000,0.00000
14.47866,14.68662,80.96000,9.00000,9.00000,9.00000,0.00000
14.48199,14.68082,72.09000,9.00000,9.00000,9.00000,0.00000
14.69262,14.87238,76.85000,10.00000,1.00000,3.00000,NaN
14.86510,15.09830,72.06000,10.00000,2.00000,6.00000,0.00000
15.09830,15.50691,72.04000,10.00000,2.00000,3.00000,NaN
15.10692,15.17424,82.61000,10.00000,2.00000,3.00000,0.00000
15.14099,15.22068,81.04000,10.00000,2.00000,3.00000,1.00000
15.19922,15.24971,82.45000,10.00000,2.00000,3.00000,2.00000
15.26641,15.51093,80.98000,10.00000,2.00000,3.00000,3.00000
15.50607,15.77215,79.03000,10.00000,3.00000,3.00000,NaN
15.50691,15.74313,72.07000,10.00000,3.00000,3.00000,0.00000
15.77358,16.01016,64.96000,10.00000,6.00000,6.00000,0.00000
15.99905,16.15528,75.96000,11.00000,1.00000,3.00000,NaN
16.00748,16.22806,66.99000,11.00000,1.00000,3.00000,0.00000
16.14981,16.23075,74.21000,11.00000,2.00000,6.00000,-1.00000
16.22806,16.44553,67.06000,11.00000,2.00000,6.00000,0.00000
16.23282,16.50934,75.97000,11.00000,2.00000,6.00000,0.00000
16.45214,16.52100,76.83000,11.00000,2.00000,3.00000,NaN
16.45344,16.82716,64.98000,11.00000,2.00000,3.00000,0.00000
16.82716,17.08989,64.94000,11.00000,3.00000,3.00000,NaN
17.09377,17.38594,80.94000,11.00000,6.00000,6.00000,0.00000
17.10453,17.37433,76.88000,11.00000,6.00000,6.00000,0.00000
17.38651,17.61646,72.02000,12.00000,1.00000,3.00000,NaN
17.38672,17.62975,79.07000,12.00000,1.00000,3.00000,0.00000
17.61646,17.78629,72.05000,12.00000,2.00000,6.00000,0.00000
17.63407,17.79076,68.90000,12.00000,2.00000,6.00000,0.00000
17.78629,18.18997,72.05000,12.00000,2.00000,3.00000,0.00000
17.79076,17.91420,68.84000,12.00000,2.00000,3.00000,NaN
17.91558,18.18703,64.94000,12.00000,4.00000,6.00000,0.00000
18.17986,18.26679,82.68000,12.00000,3.00000,3.00000,NaN
18.18997,18.64562,72.06000,12.00000,3.00000,3.00000,0.00000
18.31864,18.64562,80.91000,12.00000,6.00000,6.00000,0.00000
18.64427,18.78494,75.89000,13.00000,1.00000,3.00000,NaN
18.65454,19.01134,65.00000,13.00000,1.00000,3.00000,0.00000
18.78659,18.99973,76.67000,13.00000,2.00000,6.00000,0.00000
18.99146,19.79501,72.05000,13.00000,2.00000,3.00000,0.00000
18.99431,19.23193,81.02000,13.00000,2.00000,3.00000,NaN
19.19993,19.35383,86.02500,13.00000,5.00000,9.00000,0.00000
19.34623,19.51637,83.15000,13.00000,6.00000,9.00000,0.00000
19.51642,19.74277,78.99000,13.00000,3.00000,3.00000,NaN
19.68249,19.78340,84.36000,13.00000,8.00000,9.00000,0.00000
19.79446,19.98658,80.91000,13.00000,9.00000,9.00000,0.00000
19.98186,20.13170,77.25000,14.00000,1.00000,3.00000,NaN
20.13904,20.25941,75.84000,14.00000,2.00000,9.00000,0.00000
20.26568,20.39293,73.99000,14.00000,3.00000,9.00000,0.00000
20.40121,20.67737,72.10000,14.00000,2.00000,3.00000,NaN
20.56687,20.67156,73.94000,14.00000,5.00000,9.00000,0.00000
20.67713,20.82249,75.91000,14.00000,6.00000,9.00000,0.00000
20.69312,20.97923,64.94000,14.00000,6.00000,9.00000,0.00000
20.80938,20.95601,76.75500,14.00000,3.00000,3.00000,NaN
20.96329,21.06050,78.93000,14.00000,6.00000,6.00000,0.00000
20.97329,21.02970,72.04000,14.00000,6.00000,6.00000,0.00000
21.02970,21.27528,72.09000,14.00000,6.00000,6.00000,1.00000
21.04205,21.25206,80.94500,14.00000,6.00000,6.00000,1.00000
21.25483,21.41460,64.96500,15.00000,1.00000,3.00000,NaN
21.38277,21.75710,80.94000,15.00000,2.00000,6.00000,0.00000
21.38657,21.65149,72.02000,15.00000,2.00000,6.00000,0.00000
21.65149,22.08194,72.06000,15.00000,2.00000,3.00000,0.00000
21.65947,21.72807,82.69000,15.00000,2.00000,3.00000,NaN
21.80927,22.08218,80.95000,15.00000,4.00000,6.00000,0.00000
22.08118,22.32599,79.03000,15.00000,3.00000,3.00000,NaN
22.08194,22.30857,72.11000,15.00000,3.00000,3.00000,0.00000
22.33287,22.52916,64.96000,15.00000,6.00000,6.00000,0.00000
22.54300,22.69170,75.92000,16.00000,1.00000,3.00000,NaN
22.54322,22.76943,66.99000,16.00000,1.00000,3.00000,0.00000
22.76943,22.98195,67.07000,16.00000,2.00000,6.00000,0.00000
22.77962,23.01678,75.99000,16.00000,2.00000,6.00000,0.00000
23.00761,23.37088,64.97000,16.00000,2.00000,3.00000,NaN
23.04882,23.12707,76.05000,16.00000,2.00000,3.00000,1.00000
23.36222,23.51601,68.87000,16.00000,3.00000,3.00000,NaN
23.48612,23.83528,64.93000,16.00000,6.00000,6.00000,0.00000
23.49601,23.82948,60.03000,16.00000,6.00000,6.00000,0.00000
23.83518,24.51712,72.05500,17.00000,1.00000,3.00000,0.00000
23.83839,23.92120,83.39000,17.00000,1.00000,3.00000,NaN
24.02598,24.52027,83.79000,17.00000,1.00000,3.00000,1.00000
24.51712,24.78895,72.09000,17.00000,4.00000,6.00000,-1.00000
24.55763,24.79891,80.90000,17.00000,4.00000,6.00000,NaN
24.78895,24.97446,72.10000,17.00000,3.00000,3.00000,0.00000
24.79299,24.94984,83.91000,17.00000,3.00000,3.00000,NaN
24.96633,25.22268,86.19000,17.00000,6.00000,6.00000,0.00000
24.97446,25.23741,72.02000,17.00000,6.00000,6.00000,0.00000
25.23299,25.40844,83.02000,18.00000,1.00000,3.00000,NaN
25.23741,25.60282,71.97000,18.00000,1.00000,3.00000,0.00000
25.41170,25.58259,83.57000,18.00000,2.00000,6.00000,0.00000
25.59460,25.63911,80.66000,18.00000,2.00000,3.00000,NaN
25.60282,25.93165,71.98000,18.00000,2.00000,3.00000,0.00000
25.60529,25.66966,78.99000,18.00000,2.00000,3.00000,0.00000
25.63911,25.93669,80.91000,18.00000,2.00000,3.00000,1.00000
25.93165,26.60411,72.00000,18.00000,4.00000,6.00000,0.00000
26.17018,26.26177,85.64000,18.00000,3.00000,3.00000,NaN
26.24711,26.31401,83.13000,18.00000,3.00000,3.00000,1.00000
26.29486,26.42156,85.92000,18.00000,3.00000,3.00000,2.00000
26.42156,26.58685,86.11000,18.00000,6.00000,6.00000,0.00000
26.60387,26.70295,83.03000,19.00000,1.00000,3.00000,NaN
26.60411,26.97578,72.00000,19.00000,1.00000,3.00000,0.00000
26.70605,27.30086,84.03000,19.00000,1.00000,3.00000,1.00000
26.96135,27.02222,73.59000,19.00000,2.00000,3.00000,NaN
26.99772,27.11230,72.11000,19.00000,2.00000,3.00000,1.00000
27.11230,27.30543,72.04000,19.00000,2.00000,3.00000,2.00000
27.30543,27.53726,72.03000,19.00000,4.00000,6.00000,0.00000
27.30807,27.53887,80.90000,19.00000,4.00000,6.00000,0.00000
27.52803,27.71882,83.74000,19.00000,3.00000,3.00000,NaN
27.53726,27.71135,72.01000,19.00000,3.00000,3.00000,0.00000
27.71135,27.95201,71.98000,19.00000,6.00000,6.00000,0.00000
27.71700,27.94522,86.10000,19.00000,6.00000,6.00000,0.00000
27.95201,28.31415,71.99000,20.00000,1.00000,3.00000,0.00000
27.95278,28.13098,83.03000,20.00000,1.00000,3.00000,NaN
28.31231,28.38203,80.67000,20.00000,2.00000,3.00000,NaN
28.31415,28.62029,72.04000,20.00000,2.00000,3.00000,0.00000
28.34004,28.41542,79.01000,20.00000,2.00000,3.00000,1.00000
28.38203,28.63601,80.89000,20.00000,2.00000,3.00000,2.00000
28.62029,28.86917,72.04000,20.00000,4.00000,6.00000,0.00000
28.62133,28.85660,83.91000,20.00000,4.00000,6.00000,0.00000
28.86302,28.96109,85.69000,20.00000,3.00000,3.00000,NaN
28.86917,29.00178,72.03500,20.00000,3.00000,3.00000,0.00000
28.96679,29.03655,83.00000,20.00000,3.00000,3.00000,1.00000
29.00178,29.29476,71.96000,20.00000,3.00000,3.00000,2.00000
29.01133,29.19329,86.11000,20.00000,3.00000,3.00000,2.00000
29.29476,29.57609,71.96000,21.00000,1.00000,3.00000,0.00000
29.30391,29.39066,83.54500,21.00000,1.00000,3.00000,NaN
29.38283,29.95374,83.97000,21.00000,1.00000,3.00000,1.00000
29.57609,29.65895,72.00000,21.00000,2.00000,3.00000,-1.00000
29.61475,29.66349,73.56500,21.00000,2.00000,3.00000,NaN
29.65895,29.77010,72.14000,21.00000,2.00000,3.00000,1.00000
29.77010,29.94133,72.07000,21.00000,2.00000,3.00000,2.00000
29.94133,30.22651,72.07000,21.00000,4.00000,6.00000,0.00000
29.94539,30.21572,80.86000,21.00000,4.00000,6.00000,0.00000
30.21331,30.52844,84.00000,21.00000,3.00000,3.00000,NaN
30.21572,30.32526,80.85000,21.00000,3.00000,3.00000,0.00000
30.22651,30.51892,72.01000,21.00000,3.00000,3.00000,0.00000
30.51892,30.71047,72.06000,21.00000,6.00000,6.00000,0.00000
30.55747,30.71420,85.98000,21.00000,6.00000,6.00000,1.00000
30.70547,30.88254,83.02000,22.00000,1.00000,3.00000,NaN
30.71047,30.88121,72.01000,22.00000,1.00000,3.00000,0.00000
30.88121,31.01953,72.00000,22.00000,2.00000,6.00000,0.00000
30.88655,31.01605,78.96000,22.00000,2.00000,6.00000,0.00000
31.01150,31.21923,80.89000,22.00000,2.00000,3.00000,NaN
31.01953,31.22031,72.00000,22.00000,2.00000,3.00000,0.00000
31.22031,31.48669,72.00000,22.00000,4.00000,6.00000,0.00000
31.48669,31.77651,72.07000,22.00000,3.00000,3.00000,0.00000
31.48713,31.57564,82.86000,22.00000,3.00000,3.00000,NaN
31.53424,31.57914,80.92000,22.00000,3.00000,3.00000,1.00000
31.77680,32.02462,72.02500,22.00000,6.00000,6.00000,0.00000
31.79086,32.04513,86.15000,22.00000,6.00000,6.00000,0.00000
32.02462,32.24438,71.99000,23.00000,1.00000,3.00000,-1.00000
32.04513,32.24091,86.09000,23.00000,1.00000,3.00000,NaN
32.24241,32.31637,83.04000,23.00000,2.00000,6.00000,0.00000
32.24438,32.35904,72.02500,23.00000,2.00000,6.00000,0.00000
32.35904,32.50923,72.03000,23.00000,2.00000,3.00000,NaN
32.50923,32.79814,72.06000,23.00000,2.00000,3.00000,1.00000
32.51840,32.82721,80.92000,23.00000,2.00000,3.00000,1.00000
32.79814,33.12202,72.04000,23.00000,3.00000,3.00000,-1.00000
32.82851,32.87946,82.47000,23.00000,3.00000,3.00000,NaN
32.88137,33.11746,83.99000,23.00000,3.00000,3.00000,1.00000
33.12202,33.31273,72.02500,23.00000,6.00000,6.00000,0.00000
33.12441,33.30902,86.07000,23.00000,6.00000,6.00000,0.00000
33.30387,33.48317,82.98000,24.00000,1.00000,3.00000,NaN
33.31273,33.48095,72.02500,24.00000,1.00000,3.00000,0.00000
33.48095,33.57957,72.03000,24.00000,2.00000,6.00000,0.00000
33.48362,33.61088,78.97000,24.00000,2.00000,6.00000,0.00000
33.57957,33.80892,72.05000,24.00000,2.00000,3.00000,0.00000
33.59538,33.81406,80.90000,24.00000,2.00000,3.00000,NaN
33.80892,34.34045,72.04000,24.00000,4.00000,6.00000,0.00000
34.09757,34.14494,80.88500,24.00000,3.00000,3.00000,NaN
34.14841,34.34812,83.02000,24.00000,3.00000,3.00000,1.00000
34.34045,34.61527,72.04500,24.00000,6.00000,6.00000,0.00000
34.35966,34.61515,86.14000,24.00000,6.00000,6.00000,0.00000
34.61498,34.71383,82.98000,25.00000,1.00000,3.00000,NaN
34.61527,34.97506,72.00000,25.00000,1.00000,3.00000,0.00000
34.72016,34.93442,83.97000,25.00000,1.00000,3.00000,1.00000
34.94461,35.17243,80.90000,25.00000,2.00000,3.00000,NaN
35.16669,35.36399,86.11000,25.00000,5.00000,9.00000,0.00000
35.33930,35.49170,83.00000,25.00000,6.00000,9.00000,0.00000
35.48862,35.67166,78.96000,25.00000,3.00000,3.00000,NaN
35.66288,35.79356,84.02000,25.00000,8.00000,9.00000,0.00000
35.66291,35.81098,72.05000,25.00000,8.00000,9.00000,0.00000
35.78216,35.94702,80.91000,25.00000,9.00000,9.00000,0.00000
35.94702,36.10703,80.91000,26.00000,1.00000,3.00000,0.00000
35.95084,36.11864,77.07000,26.00000,1.00000,3.00000,NaN
36.12829,36.24635,75.89000,26.00000,2.00000,9.00000,0.00000
36.25193,36.37986,73.88000,26.00000,3.00000,9.00000,0.00000
36.38181,36.64689,72.10000,26.00000,2.00000,3.00000,NaN
36.54245,36.64109,74.04000,26.00000,5.00000,9.00000,0.00000
36.64108,36.78621,76.01000,26.00000,6.00000,9.00000,0.00000
36.77565,36.97197,76.89000,26.00000,3.00000,3.00000,NaN
36.90938,37.01633,78.98357,26.00000,6.00000,6.00000,-1.00000
36.99517,37.23320,80.90500,26.00000,6.00000,6.00000,0.00000
36.99850,37.21578,72.08000,26.00000,6.00000,6.00000,0.00000
37.20693,37.37832,64.96000,27.00000,1.00000,3.00000,0.00000
37.20809,37.36671,76.64000,27.00000,1.00000,3.00000,NaN
37.34456,37.64214,80.92000,27.00000,2.00000,6.00000,0.00000
37.36543,37.59767,72.06000,27.00000,2.00000,6.00000,1.00000
37.59734,37.65116,82.40500,27.00000,2.00000,3.00000,NaN
37.59767,37.99607,72.04000,27.00000,2.00000,3.00000,0.00000
37.64214,37.69760,80.97000,27.00000,2.00000,3.00000,1.00000
37.74523,37.99946,80.94000,27.00000,2.00000,3.00000,2.00000
37.99292,38.24907,79.05000,27.00000,3.00000,3.00000,NaN
37.99607,38.22585,72.05000,27.00000,3.00000,3.00000,0.00000
38.24867,38.45224,64.96000,27.00000,6.00000,6.00000,0.00000
38.25923,38.48707,76.89000,27.00000,6.00000,6.00000,0.00000
38.46623,38.70407,67.02500,28.00000,1.00000,3.00000,0.00000
38.47452,38.63800,75.95000,28.00000,1.00000,3.00000,NaN
38.96515,39.30558,64.94000,28.00000,2.00000,3.00000,NaN
39.28163,39.41587,68.86000,28.00000,3.00000,3.00000,NaN
39.29375,39.40339,59.97500,28.00000,3.00000,3.00000,0.00000
39.40339,39.74095,60.02000,28.00000,3.00000,3.00000,1.00000
39.40424,39.72675,64.95000,28.00000,3.00000,3.00000,1.00000
39.72675,39.86286,64.90000,28.00000,12.00000,12.00000,0.00000
39.82183,40.40341,72.03949,29.00000,1.00000,3.00000,NaN
39.86921,39.93252,83.56500,29.00000,1.00000,3.00000,1.00000
40.37253,40.42259,80.71000,29.00000,4.00000,6.00000,NaN
40.38032,40.66440,72.11000,29.00000,4.00000,6.00000,0.00000
40.42259,40.66395,80.90000,29.00000,4.00000,6.00000,1.00000
40.65406,40.86132,83.56500,29.00000,3.00000,3.00000,NaN
40.66440,41.10411,72.03000,29.00000,3.00000,3.00000,0.00000
40.86564,40.94372,86.12000,29.00000,6.00000,6.00000,NaN
40.94372,41.10512,86.14000,29.00000,6.00000,6.00000,1.00000
41.10411,41.29120,72.07000,30.00000,1.00000,3.00000,0.00000
41.10922,41.29826,83.12000,30.00000,1.00000,3.00000,NaN
41.29120,41.46549,72.04000,30.00000,2.00000,6.00000,0.00000
41.29826,41.45923,83.77000,30.00000,2.00000,6.00000,0.00000
41.46454,41.53318,80.78000,30.00000,2.00000,3.00000,0.00000
41.46549,41.78906,72.02000,30.00000,2.00000,3.00000,0.00000
41.48617,41.54050,79.00000,30.00000,2.00000,3.00000,1.00000
41.53318,41.83075,80.90000,30.00000,2.00000,3.00000,2.00000
41.78906,41.99528,71.99000,30.00000,4.00000,6.00000,0.00000
41.79113,41.99496,83.66864,30.00000,4.00000,6.00000,0.00000
41.99528,42.15791,72.01000,30.00000,3.00000,3.00000,-1.00000
42.03838,42.14422,85.79000,30.00000,3.00000,3.00000,0.00000
42.12957,42.16803,83.05279,30.00000,3.00000,3.00000,1.00000
42.15791,42.47242,71.96000,30.00000,3.00000,3.00000,2.00000
42.16069,42.41125,86.04000,30.00000,3.00000,3.00000,2.00000
42.45733,42.53896,83.01000,31.00000,1.00000,3.00000,NaN
42.47242,42.86404,72.04000,31.00000,1.00000,3.00000,0.00000
42.54695,43.14268,83.91000,31.00000,1.00000,3.00000,1.00000
42.77729,42.88733,73.69500,31.00000,2.00000,3.00000,0.00000
42.88733,42.99755,73.82000,31.00000,2.00000,3.00000,1.00000
42.95202,43.13918,72.05000,31.00000,2.00000,3.00000,2.00000
43.13918,43.37607,72.02000,31.00000,4.00000,6.00000,0.00000
43.14145,43.37488,80.85000,31.00000,4.00000,6.00000,NaN
43.35264,43.54109,83.80060,31.00000,3.00000,3.00000,0.00000
43.37607,43.56144,72.02000,31.00000,3.00000,3.00000,1.00000
43.55708,43.79283,86.09000,31.00000,6.00000,6.00000,0.00000
43.56144,43.79652,72.00000,31.00000,6.00000,6.00000,0.00000
43.79652,44.19643,71.97000,32.00000,1.00000,3.00000,0.00000
43.80974,44.00181,83.00000,32.00000,1.00000,3.00000,0.00000
44.02188,44.15649,83.66864,32.00000,2.00000,6.00000,0.00000
44.18955,44.27083,80.63000,32.00000,2.00000,3.00000,0.00000
44.19643,44.49373,71.97000,32.00000,2.00000,3.00000,0.00000
44.27083,44.48943,80.86000,32.00000,2.00000,3.00000,1.00000
44.49124,44.69841,83.93000,32.00000,4.00000,6.00000,0.00000
44.49373,44.67216,72.01000,32.00000,4.00000,6.00000,0.00000
44.67216,44.71134,71.95500,32.00000,3.00000,3.00000,-1.00000
44.70837,44.82032,85.88000,32.00000,3.00000,3.00000,0.00000
44.71134,44.84935,72.01000,32.00000,3.00000,3.00000,0.00000
44.80420,44.87837,82.96000,32.00000,3.00000,3.00000,1.00000
44.84935,45.15492,71.98500,32.00000,3.00000,3.00000,2.00000
44.85074,45.10476,86.09000,32.00000,3.00000,3.00000,2.00000
45.15492,45.57576,72.05000,33.00000,1.00000,3.00000,0.00000
45.16118,45.25569,82.96000,33.00000,1.00000,3.00000,0.00000
45.24955,45.78975,83.89500,33.00000,1.00000,3.00000,1.00000
45.45435,45.53433,73.58000,33.00000,2.00000,6.00000,0.00000
45.79949,46.09741,80.86000,33.00000,4.00000,6.00000,0.00000
45.80143,46.08189,72.08000,33.00000,4.00000,6.00000,0.00000
46.07872,46.38186,84.00000,33.00000,3.00000,3.00000,0.00000
46.08189,46.40051,72.02500,33.00000,3.00000,3.00000,0.00000
46.40051,46.56946,72.02500,33.00000,6.00000,6.00000,0.00000
46.40517,46.57342,86.02000,33.00000,6.00000,6.00000,0.00000
46.55172,46.75338,83.07000,34.00000,1.00000,3.00000,0.00000
46.56946,46.73906,72.00000,34.00000,1.00000,3.00000,0.00000
46.73906,46.88123,72.03000,34.00000,2.00000,6.00000,0.00000
46.75356,46.88689,78.97500,34.00000,2.00000,6.00000,0.00000
46.87191,47.09587,80.90000,34.00000,2.00000,3.00000,0.00000
46.88123,47.09495,72.00500,34.00000,2.00000,3.00000,0.00000
47.09495,47.38071,72.05000,34.00000,4.00000,6.00000,0.00000
47.10315,47.38032,83.88000,34.00000,4.00000,6.00000,0.00000
47.38071,47.65760,72.06000,34.00000,3.00000,3.00000,0.00000
47.38868,47.44417,80.93000,34.00000,3.00000,3.00000,0.00000
47.44930,47.64154,83.09000,34.00000,3.00000,3.00000,1.00000
47.65760,47.91600,72.04000,34.00000,6.00000,6.00000,0.00000
47.65892,47.77989,86.12500,34.00000,6.00000,6.00000,0.00000
47.89053,48.03555,86.13525,35.00000,1.00000,3.00000,0.00000
47.91600,48.14436,72.05000,35.00000,1.00000,3.00000,1.00000
48.14436,48.25178,72.04000,35.00000,2.00000,6.00000,0.00000
48.14437,48.38458,83.78000,35.00000,2.00000,6.00000,0.00000
48.40612,48.70533,72.08000,35.00000,2.00000,3.00000,0.00000
48.41064,48.72127,80.88000,35.00000,2.00000,3.00000,0.00000
48.69599,48.76190,83.39000,35.00000,3.00000,3.00000,NaN
48.70533,49.03246,71.99000,35.00000,3.00000,3.00000,0.00000
48.72828,48.77351,82.14000,35.00000,3.00000,3.00000,1.00000
48.73521,48.79093,82.70000,35.00000,3.00000,3.00000,1.00000
48.78734,49.02893,83.98500,35.00000,3.00000,3.00000,2.00000
49.03246,49.20586,72.03000,35.00000,12.00000,12.00000,0.00000
49.03411,49.20889,86.00000,35.00000,12.00000,12.00000,0.00000
49.19900,49.36562,83.01000,36.00000,1.00000,3.00000,NaN
49.20586,49.36291,72.01000,36.00000,1.00000,3.00000,0.00000
49.36291,49.49696,72.04000,36.00000,2.00000,6.00000,0.00000
49.36737,49.50494,79.00000,36.00000,2.00000,6.00000,NaN
49.49696,49.68220,72.07000,36.00000,2.00000,3.00000,0.00000
49.49781,49.68490,80.88000,36.00000,2.00000,3.00000,0.00000
49.68220,49.96713,72.03500,36.00000,4.00000,6.00000,0.00000
49.69727,49.95193,83.70000,36.00000,4.00000,6.00000,0.00000
49.94918,50.02601,82.68000,36.00000,3.00000,3.00000,0.00000
49.96713,50.21115,72.04000,36.00000,3.00000,3.00000,1.00000
49.97890,50.02739,80.86000,36.00000,3.00000,3.00000,1.00000
50.02601,50.21315,82.95000,36.00000,3.00000,3.00000,2.00000
50.21115,50.48995,72.07000,36.00000,6.00000,6.00000,0.00000
50.22059,50.48599,86.01000,36.00000,6.00000,6.00000,0.00000
50.47485,50.54984,82.99000,37.00000,1.00000,3.00000,0.00000
50.48995,50.80506,72.00000,37.00000,1.00000,3.00000,0.00000
50.56862,50.80526,83.91000,37.00000,1.00000,3.00000,1.00000
50.80506,50.99683,72.02000,37.00000,2.00000,3.00000,0.00000
50.81291,51.02585,80.88000,37.00000,2.00000,3.00000,NaN
51.02048,51.19420,85.97000,37.00000,5.00000,9.00000,NaN
51.19335,51.35093,83.02000,37.00000,6.00000,9.00000,0.00000
51.35074,51.51927,78.94000,37.00000,3.00000,3.00000,0.00000
51.51044,51.63516,84.07320,37.00000,6.00000,6.00000,0.00000
51.51964,51.65859,72.09000,37.00000,6.00000,6.00000,0.00000
51.62539,51.78890,80.88000,37.00000,8.00000,9.00000,0.00000
51.78915,51.97206,76.92000,38.00000,1.00000,3.00000,NaN
51.94854,52.08236,75.87000,38.00000,2.00000,9.00000,NaN
52.08844,52.21587,73.89000,38.00000,3.00000,9.00000,0.00000
52.22501,52.48290,72.12000,38.00000,2.00000,3.00000,0.00000
52.36863,52.46549,73.96000,38.00000,5.00000,9.00000,0.00000
52.46276,52.61642,76.07000,38.00000,6.00000,9.00000,0.00000
52.60180,52.75574,76.95500,38.00000,3.00000,3.00000,0.00000
52.61037,52.80218,64.93000,38.00000,3.00000,3.00000,0.00000
52.75779,52.84862,79.03000,38.00000,8.00000,9.00000,0.00000
52.81833,53.05179,72.08000,38.00000,8.00000,9.00000,1.00000
52.82921,53.06340,80.93000,38.00000,8.00000,9.00000,1.00000
53.04153,53.23175,64.96000,39.00000,1.00000,3.00000,0.00000
53.04311,53.17370,76.48000,39.00000,1.00000,3.00000,0.00000
53.16514,53.53361,80.92000,39.00000,2.00000,6.00000,NaN
53.18047,53.42491,72.03000,39.00000,2.00000,6.00000,0.00000
53.42491,53.83920,72.09000,39.00000,2.00000,3.00000,0.00000
53.42913,53.47556,82.22000,39.00000,2.00000,3.00000,NaN
53.51631,53.56844,82.40000,39.00000,2.00000,3.00000,1.00000
53.58261,53.82966,80.95000,39.00000,2.00000,3.00000,2.00000
53.83029,54.09669,79.05000,39.00000,3.00000,3.00000,NaN
53.83920,54.07927,72.09000,39.00000,3.00000,3.00000,0.00000
54.10307,54.35791,76.82000,39.00000,6.00000,6.00000,NaN
54.32634,54.48867,67.04000,40.00000,1.00000,3.00000,0.00000
54.32698,54.46240,75.94000,40.00000,1.00000,3.00000,0.00000
54.47206,54.54402,74.38594,40.00000,2.00000,6.00000,0.00000
54.48867,54.74104,67.06000,40.00000,2.00000,6.00000,0.00000
54.56215,54.77587,75.90500,40.00000,4.00000,12.00000,NaN
54.77322,55.17061,64.92000,40.00000,2.00000,3.00000,0.00000
54.78388,55.12331,76.87444,40.00000,2.00000,3.00000,NaN
55.15663,55.32735,68.89000,40.00000,3.00000,3.00000,NaN
55.17044,55.62638,60.03000,40.00000,3.00000,3.00000,0.00000
55.30242,55.65243,64.96000,40.00000,6.00000,6.00000,NaN
55.62638,56.01814,60.02000,41.00000,1.00000,3.00000,0.00000
55.62998,55.82077,70.91000,41.00000,1.00000,3.00000,NaN
55.68441,56.57542,71.90165,41.00000,1.00000,3.00000,1.00000
56.47920,56.58749,73.64000,41.00000,3.00000,3.00000,NaN
56.52922,56.61947,72.36488,41.00000,3.00000,3.00000,1.00000
56.58749,56.69152,73.64000,41.00000,3.00000,3.00000,2.00000
56.66916,57.01660,72.05000,41.00000,3.00000,3.00000,3.00000
56.97982,57.12109,70.02000,42.00000,1.00000,3.00000,0.00000
57.12229,57.24299,66.94000,42.00000,2.00000,9.00000,0.00000
57.23689,57.33587,69.73000,42.00000,3.00000,9.00000,0.00000
57.33775,57.47519,68.81000,42.00000,2.00000,3.00000,0.00000
57.47933,57.75383,64.91000,42.00000,4.00000,6.00000,0.00000
57.75456,57.97442,63.94000,42.00000,3.00000,3.00000,0.00000
57.76248,58.24145,67.02000,42.00000,3.00000,3.00000,0.00000
57.97070,58.23565,71.97000,42.00000,6.00000,6.00000,0.00000
58.25393,58.82195,64.89000,43.00000,1.00000,3.00000,NaN
58.28125,58.33433,64.00000,43.00000,1.00000,3.00000,1.00000
58.56214,58.83356,60.05000,43.00000,3.00000,9.00000,NaN
58.81141,59.11695,72.15500,43.00000,5.00000,9.00000,0.00000
58.82800,59.11800,80.98000,43.00000,5.00000,9.00000,NaN
59.11695,59.35601,72.14500,43.00000,3.00000,3.00000,-1.00000
59.13783,59.23410,83.30000,43.00000,3.00000,3.00000,NaN
59.22415,59.29215,84.64000,43.00000,3.00000,3.00000,1.00000
59.26563,59.46630,82.99000,43.00000,3.00000,3.00000,2.00000
59.47457,59.77397,80.94000,43.00000,6.00000,6.00000,NaN
59.47458,59.66948,72.14000,43.00000,6.00000,6.00000,0.00000
59.62005,59.80299,76.77000,44.00000,1.00000,3.00000,NaN
59.81298,59.95973,72.11000,44.00000,2.00000,6.00000,0.00000
59.81515,60.12807,78.98000,44.00000,2.00000,6.00000,NaN
59.93910,60.13968,75.92000,44.00000,2.00000,3.00000,NaN
60.12898,60.37188,78.99000,44.00000,4.00000,6.00000,0.00000
60.14592,60.41832,72.02000,44.00000,4.00000,6.00000,NaN
60.43118,60.60408,70.88000,44.00000,3.00000,3.00000,NaN
60.61642,60.91755,74.12000,44.00000,6.00000,6.00000,NaN
60.61745,60.95238,78.97000,44.00000,6.00000,6.00000,0.00000
60.94656,61.47585,60.00000,45.00000,1.00000,3.00000,0.00000
60.95755,61.12073,70.96000,45.00000,1.00000,3.00000,NaN
61.11591,61.47483,72.20000,45.00000,1.00000,3.00000,1.00000
61.47585,61.55610,60.01000,45.00000,3.00000,6.00000,0.00000
61.48293,61.78830,74.10000,45.00000,3.00000,6.00000,NaN
61.48503,62.09683,78.96000,45.00000,3.00000,6.00000,0.00000
61.78631,61.83474,75.62000,45.00000,3.00000,3.00000,0.00000
61.83274,61.87949,74.21500,45.00000,3.00000,3.00000,1.00000
61.87841,62.09016,76.03000,45.00000,3.00000,3.00000,2.00000
62.09683,62.31075,78.97000,45.00000,6.00000,6.00000,0.00000
62.10976,62.32167,74.13000,45.00000,6.00000,6.00000,NaN
62.32835,62.51392,71.07000,46.00000,1.00000,3.00000,0.00000
62.51835,62.71718,72.06000,46.00000,2.00000,6.00000,0.00000
62.51905,62.76354,79.00000,46.00000,2.00000,6.00000,0.00000
62.71718,62.97736,71.95500,46.00000,2.00000,3.00000,0.00000
62.73391,62.79533,68.69000,46.00000,2.00000,3.00000,0.00000
62.77253,62.83900,68.22000,46.00000,2.00000,3.00000,1.00000
62.79533,63.00154,68.86000,46.00000,2.00000,3.00000,2.00000
62.97736,63.22272,72.10000,46.00000,4.00000,6.00000,-1.00000
63.00461,63.12925,64.79000,46.00000,4.00000,6.00000,0.00000
63.11786,63.22794,69.32000,46.00000,8.00000,12.00000,0.00000
63.22272,63.34984,71.96000,46.00000,3.00000,3.00000,0.00000
63.23179,63.35543,67.11500,46.00000,3.00000,3.00000,0.00000
63.36106,63.43111,63.88000,46.00000,8.00000,9.00000,0.00000
63.44330,63.65751,67.05000,46.00000,9.00000,9.00000,NaN
63.45060,63.66331,72.00000,46.00000,9.00000,9.00000,0.00000
63.68761,64.16834,64.89000,47.00000,1.00000,3.00000,NaN
63.71899,63.79102,63.97000,47.00000,1.00000,3.00000,1.00000
63.95918,64.18576,60.04000,47.00000,3.00000,9.00000,NaN
64.17628,64.45649,72.14000,47.00000,5.00000,9.00000,0.00000
64.17812,64.44698,80.97000,47.00000,5.00000,9.00000,NaN
64.45649,64.78415,72.15000,47.00000,3.00000,3.00000,NaN
64.51116,64.57469,82.98000,47.00000,3.00000,3.00000,1.00000
64.57167,64.63274,84.62000,47.00000,3.00000,3.00000,2.00000
64.61860,64.79528,82.98000,47.00000,3.00000,3.00000,3.00000
64.78415,64.99846,72.16000,47.00000,6.00000,6.00000,0.00000
64.79255,65.00070,80.88500,47.00000,6.00000,6.00000,0.00000
65.00060,65.18422,77.13000,48.00000,1.00000,3.00000,NaN
65.00070,65.17261,80.93000,48.00000,1.00000,3.00000,0.00000
65.18955,65.39900,72.12000,48.00000,2.00000,6.00000,0.00000
65.19008,65.36534,79.12000,48.00000,2.00000,6.00000,0.00000
65.36534,65.63623,78.94000,48.00000,2.00000,3.00000,0.00000
65.37370,65.45418,75.52000,48.00000,2.00000,3.00000,NaN
65.39761,65.46866,74.11000,48.00000,2.00000,3.00000,1.00000
65.45418,65.64281,75.98000,48.00000,2.00000,3.00000,2.00000
65.63623,65.77633,79.03500,48.00000,4.00000,6.00000,0.00000
65.64103,65.89243,72.09000,48.00000,4.00000,6.00000,0.00000
65.77830,65.89823,75.85000,48.00000,8.00000,12.00000,0.00000
65.88908,66.03755,78.95000,48.00000,3.00000,3.00000,0.00000
65.89705,66.04336,74.03000,48.00000,3.00000,3.00000,NaN
66.02796,66.11882,70.95000,48.00000,6.00000,6.00000,0.00000
66.10502,66.32200,73.99000,48.00000,6.00000,6.00000,0.00000
66.11953,66.35102,79.00000,48.00000,6.00000,6.00000,0.00000
66.36042,66.54259,71.06000,49.00000,1.00000,3.00000,NaN
66.37685,66.91991,60.01000,49.00000,1.00000,3.00000,0.00000
66.42914,66.53154,72.31000,49.00000,1.00000,3.00000,1.00000
66.53154,66.89088,72.30000,49.00000,2.00000,9.00000,0.00000
66.90130,67.21016,74.09000,49.00000,4.00000,6.00000,NaN
67.20407,67.27401,75.57000,49.00000,3.00000,3.00000,NaN
67.30127,67.50041,75.96000,49.00000,3.00000,3.00000,1.00000
67.50263,67.73841,78.98000,49.00000,6.00000,6.00000,0.00000
67.52240,67.74173,74.12000,49.00000,6.00000,6.00000,0.00000
67.74173,67.91837,74.09000,50.00000,1.00000,3.00000,0.00000
67.74657,67.92417,71.14000,50.00000,1.00000,3.00000,NaN
67.92544,68.14476,79.00000,50.00000,2.00000,6.00000,0.00000
67.92960,68.13775,72.04000,50.00000,2.00000,6.00000,0.00000
68.13775,68.45823,71.94500,50.00000,2.00000,3.00000,0.00000
68.15309,68.20862,68.39000,50.00000,2.00000,3.00000,NaN
68.19825,68.26086,67.04000,50.00000,2.00000,3.00000,1.00000
68.23571,68.44082,68.86000,50.00000,2.00000,3.00000,2.00000
68.43799,68.58014,64.83000,50.00000,4.00000,6.00000,0.00000
68.56943,68.68463,68.89000,50.00000,8.00000,12.00000,0.00000
68.68464,68.82395,67.12000,50.00000,3.00000,3.00000,NaN
68.68496,68.81814,71.97000,50.00000,3.00000,3.00000,0.00000
68.81977,68.90522,63.80000,50.00000,10.00000,12.00000,0.00000
68.89488,69.13741,67.06000,50.00000,6.00000,6.00000,0.00000
68.89702,69.15483,72.00000,50.00000,6.00000,6.00000,0.00000
69.17032,69.46249,64.85000,51.00000,1.00000,3.00000,NaN
69.17918,69.26512,63.93000,51.00000,1.00000,3.00000,0.00000
69.46284,69.69469,64.96000,51.00000,3.00000,9.00000,0.00000
69.46639,69.68889,60.04000,51.00000,3.00000,9.00000,0.00000
69.68925,70.02558,80.94000,51.00000,5.00000,9.00000,0.00000
69.69147,70.01286,72.12000,51.00000,5.00000,9.00000,0.00000
70.01286,70.36388,72.08000,51.00000,3.00000,3.00000,0.00000
70.09187,70.17651,84.58000,51.00000,10.00000,12.00000,0.00000
70.16439,70.37388,82.87000,51.00000,6.00000,6.00000,0.00000
70.36388,70.51320,72.15000,51.00000,6.00000,6.00000,0.00000
70.36681,70.71637,80.91000,51.00000,6.00000,6.00000,0.00000
70.52158,70.71872,76.93000,52.00000,1.00000,3.00000,0.00000
70.71506,70.82086,80.90000,52.00000,2.00000,6.00000,0.00000
70.71872,70.84408,76.78000,52.00000,2.00000,6.00000,0.00000
70.83305,71.04726,78.90000,52.00000,2.00000,3.00000,0.00000
70.86577,71.00082,75.91000,52.00000,2.00000,3.00000,0.00000
71.03417,71.31145,81.02000,52.00000,4.00000,6.00000,0.00000
71.03885,71.31637,73.99000,52.00000,4.00000,6.00000,0.00000
71.31145,71.50585,80.97000,52.00000,3.00000,3.00000,0.00000
71.31637,71.49424,74.00500,52.00000,3.00000,3.00000,0.00000
71.51479,71.81406,79.07000,52.00000,6.00000,6.00000,0.00000
71.81406,72.08054,79.05000,53.00000,1.00000,3.00000,0.00000
72.02337,72.16181,75.76000,53.00000,2.00000,6.00000,0.00000
72.13088,72.34969,79.03000,53.00000,2.00000,3.00000,0.00000
72.14214,72.39982,72.08000,53.00000,2.00000,3.00000,0.00000
72.34969,72.63018,78.99000,53.00000,4.00000,6.00000,0.00000
72.35461,72.71329,74.06000,53.00000,4.00000,6.00000,0.00000
72.63018,72.92882,79.00000,53.00000,3.00000,3.00000,0.00000
72.63727,72.72643,75.36000,53.00000,3.00000,3.00000,0.00000
72.72643,72.92807,75.82000,53.00000,10.00000,12.00000,0.00000
72.92882,73.16027,79.01000,53.00000,6.00000,6.00000,0.00000
72.95029,73.16796,74.12000,53.00000,6.00000,6.00000,0.00000
73.16796,73.34603,74.07000,54.00000,1.00000,3.00000,0.00000
73.17253,73.33442,71.00000,54.00000,1.00000,3.00000,0.00000
73.36065,73.63048,79.02000,54.00000,2.00000,6.00000,0.00000
73.36252,73.54805,72.01000,54.00000,2.00000,6.00000,0.00000
73.54805,73.81936,71.99500,54.00000,2.00000,3.00000,0.00000
73.56810,73.66102,68.54000,54.00000,2.00000,3.00000,1.00000
73.60636,73.66531,67.23000,54.00000,2.00000,3.00000,2.00000
73.66102,73.83365,68.84000,54.00000,2.00000,3.00000,3.00000
73.81936,73.97297,72.12000,54.00000,4.00000,6.00000,0.00000
73.83356,73.96717,64.93500,54.00000,4.00000,6.00000,0.00000
73.97051,74.07166,68.91000,54.00000,8.00000,12.00000,NaN
74.06792,74.28327,67.05000,54.00000,3.00000,3.00000,NaN
74.06876,74.21098,71.96000,54.00000,3.00000,3.00000,NaN
74.19540,74.33419,60.06782,54.00000,6.00000,6.00000,0.00000
74.28327,74.50703,67.04000,54.00000,6.00000,6.00000,0.00000
74.54011,75.03528,64.95000,55.00000,1.00000,3.00000,0.00000
74.56888,74.62893,64.04500,55.00000,1.00000,3.00000,1.00000
74.82668,75.04109,60.04000,55.00000,3.00000,9.00000,0.00000
75.04293,75.37197,80.98000,55.00000,5.00000,9.00000,0.00000
75.04997,75.35665,72.14000,55.00000,5.00000,9.00000,0.00000
75.35665,75.71447,72.14000,55.00000,3.00000,3.00000,0.00000
75.38961,75.47066,83.08000,55.00000,3.00000,3.00000,1.00000
75.46181,75.55193,84.67000,55.00000,10.00000,12.00000,0.00000
75.53800,75.70286,83.06000,55.00000,6.00000,6.00000,0.00000
75.71225,76.15565,80.90000,55.00000,6.00000,6.00000,0.00000
75.71702,75.85379,72.14000,55.00000,6.00000,6.00000,0.00000
75.85421,76.07486,77.08000,56.00000,1.00000,3.00000,0.00000
76.07486,76.20789,77.19000,56.00000,2.00000,6.00000,0.00000
76.18319,76.38204,78.92000,56.00000,2.00000,3.00000,0.00000
76.21796,76.37043,75.95500,56.00000,2.00000,3.00000,1.00000
76.38018,76.64487,80.93000,56.00000,4.00000,6.00000,0.00000
76.38492,76.64390,73.95000,56.00000,4.00000,6.00000,0.00000
76.64390,76.81161,73.94000,56.00000,3.00000,3.00000,0.00000
76.64487,76.82322,80.93000,56.00000,3.00000,3.00000,0.00000
76.83466,77.11288,79.08000,56.00000,6.00000,6.00000,0.00000
77.11288,77.42113,79.01000,57.00000,1.00000,3.00000,0.00000
77.31274,77.46177,75.84000,57.00000,2.00000,6.00000,0.00000
77.45613,77.65914,72.07000,57.00000,2.00000,3.00000,0.00000
77.64943,78.22803,79.01000,57.00000,4.00000,6.00000,0.00000
77.65533,77.93197,74.10000,57.00000,4.00000,6.00000,0.00000
77.93504,78.03744,75.66500,57.00000,3.00000,3.00000,0.00000
78.03744,78.24544,75.87000,57.00000,10.00000,12.00000,0.00000
78.24821,78.45442,78.99000,57.00000,6.00000,6.00000,0.00000
78.25858,78.46752,74.13000,57.00000,6.00000,6.00000,0.00000
78.46728,78.64599,71.10000,58.00000,1.00000,3.00000,0.00000
78.46752,78.65179,74.09500,58.00000,1.00000,3.00000,0.00000
78.65593,78.90141,79.03000,58.00000,2.00000,6.00000,0.00000
78.65880,78.85125,72.05000,58.00000,2.00000,6.00000,0.00000
78.84799,78.96665,68.40000,58.00000,2.00000,3.00000,0.00000
78.85125,79.11889,71.97000,58.00000,2.00000,3.00000,0.00000
78.90219,78.97107,67.05000,58.00000,2.00000,3.00000,1.00000
78.96665,79.13361,68.84000,58.00000,2.00000,3.00000,2.00000
79.11889,79.37353,72.11000,58.00000,4.00000,6.00000,0.00000
79.13453,79.27293,64.89000,58.00000,4.00000,6.00000,0.00000
79.26515,79.38322,69.03500,58.00000,3.00000,3.00000,0.00000
79.37353,79.51093,71.97000,58.00000,10.00000,12.00000,0.00000
79.37425,79.52254,67.02000,58.00000,10.00000,12.00000,0.00000
79.50874,79.59800,63.69500,58.00000,6.00000,6.00000,0.00000
79.61070,79.79537,66.95500,58.00000,6.00000,6.00000,0.00000
79.80897,79.85287,63.56000,59.00000,1.00000,3.00000,0.00000
79.82346,80.15468,64.93000,59.00000,1.00000,3.00000,0.00000
79.85287,79.91147,64.07000,59.00000,1.00000,3.00000,1.00000
80.14782,80.32943,68.86000,59.00000,2.00000,3.00000,0.00000
80.15468,80.59066,64.95000,59.00000,2.00000,3.00000,0.00000
80.33445,80.60807,60.05000,59.00000,4.00000,6.00000,0.00000
80.61505,81.16711,72.24000,59.00000,3.00000,3.00000,0.00000
80.62588,80.74159,83.29000,59.00000,3.00000,3.00000,0.00000
80.76953,80.82286,84.45000,59.00000,6.00000,6.00000,0.00000
80.82053,80.95637,83.06000,59.00000,6.00000,6.00000,1.00000
80.96331,81.15374,80.86000,59.00000,6.00000,6.00000,0.00000
81.16648,81.32789,79.08000,60.00000,1.00000,3.00000,0.00000
81.16711,81.33370,72.15000,60.00000,1.00000,3.00000,0.00000
81.32363,81.55506,64.89000,60.00000,2.00000,6.00000,0.00000
81.41579,81.62975,76.03500,60.00000,3.00000,9.00000,0.00000
81.55506,81.96238,64.98000,60.00000,4.00000,6.00000,0.00000
81.71282,82.21025,77.10000,60.00000,5.00000,9.00000,0.00000
81.96238,82.19283,65.01000,60.00000,3.00000,3.00000,0.00000
82.20635,82.50050,80.98000,60.00000,6.00000,6.00000,0.00000
82.21273,82.48889,76.89500,60.00000,6.00000,6.00000,0.00000
82.49668,82.74666,72.06000,61.00000,1.00000,3.00000,0.00000
82.49829,82.75592,79.03000,61.00000,1.00000,3.00000,0.00000
82.74475,82.91319,68.91500,61.00000,4.00000,12.00000,NaN
82.74666,82.90338,72.08500,61.00000,4.00000,12.00000,NaN
82.90338,83.28504,72.04000,61.00000,2.00000,3.00000,NaN
82.91319,83.02295,68.84000,61.00000,2.00000,3.00000,0.00000
83.01253,83.29578,64.95000,61.00000,4.00000,6.00000,NaN
83.28504,83.72535,72.09000,61.00000,3.00000,3.00000,NaN
83.30492,83.35964,81.97000,61.00000,3.00000,3.00000,0.00000
83.36061,83.76018,80.93984,61.00000,3.00000,3.00000,1.00000
83.76439,83.90531,75.91000,62.00000,1.00000,3.00000,0.00000
83.76669,84.13170,65.01000,62.00000,1.00000,3.00000,0.00000
84.13324,84.27683,81.02000,62.00000,2.00000,6.00000,0.00000
84.13813,84.27910,72.05000,62.00000,2.00000,6.00000,0.00000
84.27065,84.50500,79.07000,62.00000,2.00000,3.00000,0.00000
84.27910,84.50902,72.09000,62.00000,2.00000,3.00000,0.00000
84.50500,84.80181,78.97000,62.00000,4.00000,6.00000,0.00000
84.51831,84.59029,75.85500,62.00000,4.00000,6.00000,0.00000
84.57537,84.66175,77.43670,62.00000,4.00000,6.00000,1.00000
84.65642,84.79927,75.91000,62.00000,3.00000,3.00000,0.00000
84.80181,85.02567,79.01000,62.00000,6.00000,6.00000,0.00000
84.81333,85.00825,74.08000,62.00000,6.00000,6.00000,0.00000
85.01094,85.18821,72.09000,63.00000,1.00000,3.00000,0.00000
85.18030,85.25167,67.03000,63.00000,2.00000,6.00000,0.00000
85.25167,85.47846,67.03000,63.00000,2.00000,6.00000,0.00000
85.25849,85.49007,76.04000,63.00000,2.00000,6.00000,0.00000
85.47643,85.86159,64.96000,63.00000,2.00000,3.00000,0.00000
85.86116,85.90803,66.59500,63.00000,3.00000,3.00000,0.00000
85.88571,85.94286,65.10000,63.00000,3.00000,3.00000,1.00000
85.92308,86.01252,66.83000,63.00000,3.00000,3.00000,2.00000
85.98800,86.29090,64.98000,63.00000,3.00000,3.00000,3.00000
86.29000,86.62600,72.07000,64.00000,1.00000,3.00000,0.00000
86.29090,86.62204,65.01000,64.00000,1.00000,3.00000,0.00000
86.62600,87.15029,72.04000,64.00000,2.00000,6.00000,0.00000
86.63406,86.75831,68.86500,64.00000,2.00000,6.00000,0.00000
86.75831,86.88327,68.75500,64.00000,2.00000,3.00000,0.00000
86.89717,87.19093,64.96000,64.00000,4.00000,6.00000,0.00000
87.14955,87.53923,72.08000,64.00000,3.00000,3.00000,0.00000
87.15037,87.29542,82.96000,64.00000,3.00000,3.00000,0.00000
87.15515,87.27220,81.93000,64.00000,3.00000,3.00000,0.00000
87.27790,87.57406,80.86000,64.00000,6.00000,6.00000,0.00000
87.57655,87.70177,76.04000,65.00000,1.00000,3.00000,0.00000
87.60761,87.95138,65.02000,65.00000,1.00000,3.00000,1.00000
87.92011,88.29504,72.09000,65.00000,2.00000,3.00000,0.00000
87.92342,88.21841,80.93000,65.00000,2.00000,3.00000,0.00000
88.14676,88.32290,85.94000,65.00000,4.00000,6.00000,0.00000
88.29504,88.63781,71.99000,65.00000,4.00000,6.00000,0.00000
88.31254,88.45642,83.17000,65.00000,4.00000,6.00000,0.00000
88.46041,88.70023,78.99000,65.00000,3.00000,3.00000,0.00000
88.63781,88.77569,72.05000,65.00000,6.00000,6.00000,0.00000
88.92580,89.08336,65.02000,66.00000,1.00000,3.00000,0.00000
88.92725,89.07755,77.04000,66.00000,1.00000,3.00000,0.00000
89.08274,89.18785,75.97000,66.00000,2.00000,6.00000,0.00000
89.19963,89.32717,73.92000,66.00000,2.00000,6.00000,0.00000
89.33766,89.55937,72.06500,66.00000,2.00000,6.00000,0.00000
89.49477,89.57098,73.91000,66.00000,2.00000,6.00000,0.00000
89.59377,89.72771,76.03000,66.00000,2.00000,6.00000,0.00000
89.60398,89.72866,64.92000,66.00000,2.00000,6.00000,0.00000
89.72866,89.87283,64.99000,66.00000,2.00000,6.00000,0.00000
89.84986,89.96571,79.00000,66.00000,2.00000,6.00000,0.00000
89.85490,89.95180,72.07500,66.00000,2.00000,6.00000,0.00000
89.94730,90.16308,80.91000,66.00000,2.00000,3.00000,0.00000
89.95180,90.16308,72.10000,66.00000,2.00000,3.00000,0.00000